Unnamed: 0,time,province,PM2.5(微克每立方米),PM10(微克每立方米),SO2(微克每立方米),NO2(微克每立方米),CO(毫克每立方米),O3(微克每立方米),U(m/s),V(m/s),TEMP(K),RH(%),PSFC(Pa),lat,lon,AQI
0,2018-01-01,西藏,3.9121700266260935,4.734568276911373,0.4735279573982502,0.7054507417268924,0.1378280715100799,81.16338341574743,7.842913655382275,3.239980981361734,260.56613731456827,50.23043933054394,56762.01888170406,31.435878661087862,88.5014967668315,一级
1,2018-01-02,西藏,4.300047546595664,5.217137694941042,0.6209319132750095,0.7003081019399011,0.1427253708634462,81.49630467858502,7.497742487637884,2.985979459870673,258.81047926968427,51.91597565614303,56579.89787181438,31.435878661087862,88.5014967668315,一级
2,2018-01-03,西藏,3.13391974134652,3.695001901863826,0.5178889311525294,0.700930011411183,0.1365119817421072,79.768037276531,8.067036896158235,-0.4872137694941042,258.64744579688096,48.31857170026626,56628.176648915934,31.435878661087862,88.5014967668315,一级
3,2018-01-04,西藏,1.9871605173069609,2.4515709395207304,0.2691479650057056,0.7491955116013693,0.1282597945987067,74.07545264359072,8.236833396728793,0.4510079878280715,260.8883510840624,45.11561430201598,56788.34345378471,31.435878661087862,88.5014967668315,一级
4,2018-01-05,西藏,2.732824267782427,3.802985926207683,0.3392544693799924,0.6621738303537467,0.1446215290985165,80.79817801445417,8.923195131228605,2.150416508178014,259.5191061240015,52.53899391403576,56489.4147052111,31.435878661087862,88.5014967668315,一级
5,2018-01-06,西藏,3.0760669456066942,3.8635983263598326,0.3813427158615443,0.6120368961582351,0.1442031190566755,77.82732597945987,9.34914606314188,-0.3862076835298593,257.97573411943705,53.36987447698745,56325.42037276531,31.435878661087862,88.5014967668315,一级
6,2018-01-07,西藏,2.9106656523392926,3.643295930011411,0.3178775199695702,0.6975637124381894,0.1380486877139596,78.55959680486878,8.37934956257132,-2.178195131228604,258.6318771395968,47.98207112970712,56492.264184100415,31.435878661087862,88.5014967668315,一级
7,2018-01-08,西藏,2.057149106124001,2.6220692278432867,0.1827577025484975,0.6353442373526055,0.1228204640547736,74.81445226321796,8.665562951692658,-2.349554963864587,260.5410003803728,42.93572270825409,56840.96054963864,31.435878661087862,88.5014967668315,一级
8,2018-01-09,西藏,2.015867249904907,2.535405096995055,0.1140718904526435,0.717852795739825,0.1149543552681628,73.75047546595664,10.71593191327501,-2.292120578166603,264.6489558767592,32.60117915557246,57224.88856599467,31.435878661087862,88.5014967668315,一级
9,2018-01-10,西藏,1.8169056675542032,2.238432864206923,0.0961753518448079,0.7828242677824268,0.1157664511220996,75.1095131228604,11.1756732597946,-2.731787751996957,267.3429859262077,27.210699885888168,57413.82039748954,31.435878661087862,88.5014967668315,一级
10,2018-01-11,西藏,1.4587086344617726,1.834737542791936,0.0850114111829593,0.8669627234689996,0.1217858501331304,76.02309243058197,10.150074172689235,-2.637133891213389,269.0450703689616,26.99405857740586,57527.36319132751,31.435878661087862,88.5014967668315,一级
11,2018-01-12,西藏,2.309125142639787,3.188611639406618,0.1388683910232027,0.750549638645873,0.1244446557626474,75.74704069988589,11.577141498668697,0.0114263978699125,268.80466146823886,45.3250855838722,57352.141709775584,31.435878661087862,88.5014967668315,一级
12,2018-01-13,西藏,3.29316470140738,4.185722708254088,0.2711943704830734,0.7398117154811715,0.1280106504374286,74.68066945606695,8.777751996957017,-1.014087105363256,265.97848801825785,43.49696842906048,57163.70896918981,31.435878661087862,88.5014967668315,一级
13,2018-01-14,西藏,2.906821985545835,3.723079117535185,0.2960840623811335,0.7282788132369722,0.1362324077596044,77.18445226321795,8.801226702168124,-0.3134632940281476,264.57509319132754,42.62158235070369,57065.1803157094,31.435878661087862,88.5014967668315,一级
14,2018-01-15,西藏,2.951804868771396,3.834610117915557,0.299885888170407,0.6907036896158235,0.1408786610878661,78.99258463294028,9.404176492963105,-2.5886458729554964,262.4046937999239,42.46038607835679,56991.20767211868,31.435878661087862,88.5014967668315,一级
15,2018-01-16,西藏,1.2635431723088626,1.6657341194370483,0.1043628756181057,0.6743324457968809,0.1323602130087486,79.46108025865348,9.994861163940662,-2.2988798022061623,263.86784899201217,30.86138455686573,57101.06231266641,31.435878661087862,88.5014967668315,一级
16,2018-01-17,西藏,1.9503613541270448,2.513906428299734,0.1434081399771776,0.7341194370483073,0.1376930391783948,80.34442753898821,12.039109927729177,1.808562190947128,265.8856371243819,29.705467858501333,57073.6368352986,31.435878661087862,88.5014967668315,一级
17,2018-01-18,西藏,2.4411106884747054,3.063410041841004,0.1578014454165081,0.6958729554963865,0.1367402054012932,81.29426397869912,11.758326359832637,-0.3678642069227843,265.8924305819703,32.66974515024724,57206.51619437048,31.435878661087862,88.5014967668315,一级
18,2018-01-19,西藏,2.388773297831875,3.058596424496006,0.11923925446938,0.7525218714340054,0.1240794979079497,75.57700266260936,9.29690186382655,-0.252738683910232,266.0255268162799,34.36814378090529,57319.55523773298,31.435878661087862,88.5014967668315,一级
19,2018-01-20,西藏,2.388457588436668,3.000718904526436,0.1484899201217192,0.735473564092811,0.1282312666413085,77.993739064283,8.864697603651578,-3.1231780144541648,264.5911715481172,36.20350703689616,57251.89799543553,31.435878661087862,88.5014967668315,一级
20,2018-01-21,西藏,1.1316432103461391,1.4398326359832636,0.0810327120578166,0.6544237352605553,0.1263579307721567,75.43627234689995,5.56690756941803,-1.927274629136554,264.692565614302,28.230930011411186,57370.02507036896,31.435878661087862,88.5014967668315,一级
21,2018-01-22,西藏,1.4455077976416888,1.8549733739064285,0.104809813617345,0.7862305058957778,0.1183491821985545,70.11915747432484,7.707710155952833,-0.1569589197413465,267.51624572080635,26.19313427158616,57301.26733168505,31.435878661087862,88.5014967668315,一级
22,2018-01-23,西藏,3.175774058577406,4.074440852034995,0.2115538227462913,0.8296367440091289,0.1341232407759604,77.4068257892735,8.406335108406239,4.678824648155191,267.5434709014835,31.12811905667554,56997.88814378091,31.435878661087862,88.5014967668315,一级
23,2018-01-24,西藏,7.64031380753138,10.083617344998098,1.0216622289844046,0.6359166983643971,0.1738874096614682,85.6995777862305,8.536441612780525,3.6082788132369727,262.63103651578547,52.83155001901864,56486.33203119056,31.435878661087862,88.5014967668315,一级
24,2018-01-25,西藏,7.198001141118295,8.389849752757703,1.1216508178014457,0.6160859642449601,0.1753004944845949,82.70051350323317,7.18843476607075,0.9186477748193228,260.6397033092431,52.31201787751998,56458.30247052111,31.435878661087862,88.5014967668315,一级
25,2018-01-26,西藏,6.117940281475846,7.315551540509699,0.9747622670216812,0.5742316470140738,0.1635736021300875,82.88211677443894,9.84141688855078,1.1352890833016356,259.53920311905665,50.51195131228605,56336.760159756566,31.435878661087862,88.5014967668315,一级
26,2018-01-27,西藏,4.102092050209205,5.044760365157854,0.5549486496766831,0.5138664891593762,0.1521586154431342,80.95897109166984,10.60631228604032,-0.4374267782426778,258.934210726512,48.04725941422594,56329.66025104603,31.435878661087862,88.5014967668315,一级
27,2018-01-28,西藏,2.7657265119817422,3.678779003423355,0.3305971852415367,0.546732597945987,0.1433168505135032,82.72036325599086,11.721002282236592,-1.793191327500951,261.2998421453024,44.36625713198935,56615.67400342336,31.435878661087862,88.5014967668315,一级
28,2018-01-29,西藏,2.3030848231266643,3.0677596044123243,0.185798782807151,0.5331951312286041,0.1290909090909091,82.03522822365919,11.966529098516547,-2.26347850893876,264.0056846709776,37.21636553822746,56953.53445036135,31.435878661087862,88.5014967668315,一级
29,2018-01-30,西藏,2.562835678965386,3.092911753518448,0.1477729174591099,0.5629897299353366,0.1336972232788132,83.09362875618106,11.791645112209968,-4.060878661087866,265.36715671357933,38.08594903004945,57097.80224610117,31.435878661087862,88.5014967668315,一级
30,2018-01-31,西藏,2.353912133891213,2.957590338531761,0.1301958919741346,0.5838037276531001,0.1268600228223659,80.4850646633701,11.008828451882843,-4.115001901863827,266.2024210726512,35.226915176873334,57202.38038607835,31.435878661087862,88.5014967668315,一级
31,2018-02-01,西藏,2.983132369722328,3.759804108025865,0.1493780905287181,0.5646804868771397,0.1304108025865348,81.34289273488018,13.175857740585776,-1.557852795739825,266.41721757322176,40.54305439330544,57096.67053062,31.435878661087862,88.5014967668315,一级
32,2018-02-02,西藏,3.47700646633701,4.5850304298212246,0.2148497527577025,0.588461392164321,0.1267934575884366,70.7277729174591,9.43552871814378,-1.1617421072651195,263.8675846329403,40.81362114872575,56967.76357170027,31.435878661087862,88.5014967668315,一级
33,2018-02-03,西藏,4.277812856599468,5.526388360593382,0.383271205781666,0.5899353366298973,0.1337371624191708,73.21332635983264,11.112015975656144,0.568178014454165,263.6322518067706,42.54804298212248,56917.71979840243,31.435878661087862,88.5014967668315,一级
34,2018-02-04,西藏,4.923604031951313,5.8503423354887785,0.4786192468619247,0.5245777862305059,0.1356162038798022,74.94344237352605,10.194471281856218,-1.267645492582731,262.3627710155953,39.14439901103081,56956.30018067707,31.435878661087862,88.5014967668315,一级
35,2018-02-05,西藏,3.5122841384556867,4.279195511601369,0.2779726131608976,0.4885640928109547,0.1167192848992012,72.55649106124002,10.89320844427539,-0.0072860403195131,264.2236325599087,44.184813617345,57234.30096234309,31.435878661087862,88.5014967668315,一级
36,2018-02-06,西藏,2.9252244199315327,3.736188664891594,0.2378280715100798,0.462797641688855,0.1215614302015975,77.54500190186383,12.856445416508178,0.3441612780524914,264.9147679726132,53.7764187904146,57151.788174210735,31.435878661087862,88.5014967668315,一级
37,2018-02-07,西藏,3.051063141879041,3.745608596424496,0.2782578927348801,0.5595492582731076,0.1200855838721947,75.25172879421834,10.778721947508558,0.6812343096234309,263.1662095853937,44.82108596424496,56866.06452263218,31.435878661087862,88.5014967668315,一级
38,2018-02-08,西藏,3.754376188664891,4.485446937999239,0.4336287561810574,0.4885222518067706,0.1361182959300114,79.4054868771396,10.508029669075697,1.4057284138455686,261.82086344617727,50.40593191327501,56645.563788512736,31.435878661087862,88.5014967668315,一级
39,2018-02-09,西藏,3.752038798022062,4.278993914035755,0.5059604412324078,0.5151787751996957,0.146390262457208,79.27666983643971,7.118330163560289,-0.0495169265880563,260.30810384176493,50.93534043362496,56596.03386648916,31.435878661087862,88.5014967668315,一级
40,2018-02-10,西藏,3.111749714720426,3.6116451122099655,0.4203727653100038,0.5301863826550018,0.1386420692278432,80.33963864587295,5.379549258273108,0.4371186763027767,260.14782046405475,49.35701407379232,56863.68410232027,31.435878661087862,88.5014967668315,一级
41,2018-02-11,西藏,1.9993400532521872,2.3659433244579686,0.2282521871434005,0.5153670597185241,0.1194864967668315,78.76784138455686,6.576983643971092,0.3869969570178775,261.21570559147966,46.91261316089768,57203.57051160137,31.435878661087862,88.5014967668315,一级
42,2018-02-12,西藏,3.492531380753138,3.979450361354127,0.7023697223278813,0.5218505135032332,0.1326283758082921,79.49868391023203,5.440169265880563,3.2179060479269683,262.5510612400152,53.67669836439711,57338.17305819703,31.435878661087862,88.5014967668315,一级
43,2018-02-13,西藏,4.6293552681628,5.326580448839863,0.821428299733739,0.4655173069608216,0.1334480791175351,80.29372004564473,8.680074172689237,4.173915937618867,262.8753936858121,58.06858691517687,57278.12701597566,31.435878661087862,88.5014967668315,一级
44,2018-02-14,西藏,2.8127424876378853,3.250669456066946,0.3818619246861924,0.560439330543933,0.1337010270064663,80.17708824648155,7.679838341574743,-0.3435108406238113,260.78547546595667,50.78791936097375,57204.38726702168,31.435878661087862,88.5014967668315,一级
45,2018-02-15,西藏,1.506801065043743,1.7535488779003423,0.1687409661468238,0.6092906047926968,0.1377215671357931,75.82451502472422,6.625994674781286,-2.5949942944085205,263.1600627615063,43.79307531380753,57461.97426588056,31.435878661087862,88.5014967668315,一级
46,2018-02-16,西藏,1.5261962723469,1.9617668314948649,0.1117611259033853,0.5490661848611639,0.1297451502472423,75.14191517687334,8.477634081399772,0.2399372384937238,264.5897660707493,48.09912324077596,57318.38918029669,31.435878661087862,88.5014967668315,一级
47,2018-02-17,西藏,2.057888931152529,2.968529859262077,0.1887333586915177,0.4589653860783567,0.1297850893875998,76.8590547736782,9.392249904906809,0.1913332065424115,262.0643647774819,51.71451122099658,56806.08124191708,31.435878661087862,88.5014967668315,一级
48,2018-02-18,西藏,3.238486116394066,4.133035374667174,0.3528680106504374,0.4923126664130848,0.1402909851654621,75.40572270825409,9.902010270064665,-0.4350095093191327,260.6021890452644,49.66180677063522,56722.348529859264,31.435878661087862,88.5014967668315,一级
49,2018-02-19,西藏,3.02413465195892,3.703442373526056,0.3667402054012932,0.4920406998858881,0.1411886648915937,78.25114682388741,11.00022632179536,-1.9869836439710915,261.79404906808674,49.45292316470141,56927.38967668315,31.435878661087862,88.5014967668315,一级
50,2018-02-20,西藏,1.5745682769113731,2.252130087485736,0.174543552681628,0.573482312666413,0.1334043362495245,78.53114302015976,8.26830734119437,-2.59099277291746,263.69629897299353,38.80448839863066,57197.61340053252,31.435878661087862,88.5014967668315,一级
51,2018-02-21,西藏,1.7032198554583493,2.081542411563332,0.167434385697984,0.5640737923164701,0.136255230125523,78.33729745150248,4.358033472803347,-2.005266260935717,263.8441536705972,53.12601559528338,57101.793411943705,31.435878661087862,88.5014967668315,一级
52,2018-02-22,西藏,2.40956447318372,2.885114111829593,0.2610289083301635,0.5665728413845569,0.139906808672499,80.43006656523393,3.181782046405478,-0.2913389121338912,262.9862228984405,59.88434575884367,56950.9133073412,31.435878661087862,88.5014967668315,一级
53,2018-02-23,西藏,3.84896348421453,4.466764929631038,0.4561240015214911,0.5004545454545455,0.1469551160136934,78.35965766451122,5.1064282997337385,-1.2636877139596805,262.4083434766071,57.429813617345005,56976.51068086726,31.435878661087862,88.5014967668315,一级
54,2018-02-24,西藏,2.701384556865728,3.089716622289844,0.3109528337771015,0.5173240775960442,0.1369322936477748,76.87370292887029,5.192622670216813,-1.42097565614302,263.7959604412324,50.96847850893876,57308.17623240776,31.435878661087862,88.5014967668315,一级
55,2018-02-25,西藏,2.9203613541270443,3.381291365538228,0.3969741346519589,0.4927139596804868,0.1386192468619247,79.57157093952073,5.207731076454926,-0.227869912514264,264.5523678204641,56.9888113351084,57334.11323316851,31.435878661087862,88.5014967668315,一级
56,2018-02-26,西藏,2.8158995815899583,3.1932236591860024,0.3022403955876759,0.6155173069608216,0.1429802206162038,79.33256371243819,3.635477367820464,-3.92157093952073,264.4342696842906,53.88636934195512,57347.67715861544,31.435878661087862,88.5014967668315,一级
57,2018-02-27,西藏,1.0924191707873716,1.281272346899962,0.0921167744389501,0.561652719665272,0.1298953974895397,77.11658615443135,6.154267782426778,-2.4185869151768733,267.2408805629517,42.05099277291746,57461.92348992012,31.435878661087862,88.5014967668315,一级
58,2018-02-28,西藏,1.410511601369342,1.718375808292126,0.1098972993533663,0.5851293267402055,0.1221205781666032,76.96934385697983,6.91342335488779,-0.8866546215290985,266.8908235070369,48.13485545834919,57344.864695701785,31.435878661087862,88.5014967668315,一级
59,2018-03-01,西藏,1.8495796880943325,2.20102510460251,0.1439767972613161,0.5966565233929251,0.1240129326740205,75.35100608596424,5.388178014454165,-1.32331304678585,266.2976949410422,50.32116964625333,57255.27758843667,31.435878661087862,88.5014967668315,一级
60,2018-03-02,西藏,3.188130467858501,3.753067706352225,0.2590852034994294,0.5330810193990111,0.1313579307721567,80.61837961201978,5.649385697984025,0.3853727653100038,266.2426226702168,56.44281475846329,57081.00780144541,31.435878661087862,88.5014967668315,一级
61,2018-03-03,西藏,5.303775199695702,6.157605553442373,0.5791955116013693,0.5122289844047166,0.1480543933054393,84.68260365157855,7.699205020920502,-1.1878813236972232,264.8787238493724,57.66579878280715,56884.45407189045,31.435878661087862,88.5014967668315,一级
62,2018-03-04,西藏,3.745247242297451,4.496802966907569,0.4197109166983644,0.5362095853936858,0.1373449980981361,81.59993153290225,8.283366298972995,0.4665100798782807,265.18056104982884,58.51475465956638,56901.518206542416,31.435878661087862,88.5014967668315,一级
63,2018-03-05,西藏,4.166485355648536,4.908322556104983,0.4561924686192468,0.4809566375047546,0.1410536325599087,87.4885888170407,7.019764168885508,1.0223430962343096,263.9043933054393,58.7895416508178,57000.78336820084,31.435878661087862,88.5014967668315,一级
64,2018-03-06,西藏,4.051032712057817,4.676236211487258,0.454847850893876,0.531234309623431,0.1466317991631799,90.69254469379992,4.389140357550399,-0.6119418029669076,262.2486667934576,58.37357550399392,57016.66226702168,31.435878661087862,88.5014967668315,一级
65,2018-03-07,西藏,2.253904526435907,2.5580239634842146,0.234830734119437,0.5583777101559528,0.1366546215290985,93.6070273868391,1.80587105363256,-1.6053499429440852,262.13122480030427,49.60713579307722,57317.695013313045,31.435878661087862,88.5014967668315,一级
66,2018-03-08,西藏,1.3069341955116014,1.5735450741726893,0.1130772156713579,0.5652263217953595,0.1249106124001521,94.42851274248764,3.179678585013313,0.0123621148725751,263.5559224039559,39.68721567135793,57412.70115062761,31.435878661087862,88.5014967668315,一级
67,2018-03-09,西藏,2.437109166983644,3.0532179535945225,0.2228565994674781,0.6252130087485736,0.126808672499049,92.08055344237351,3.258761886648916,0.1655743628756181,263.567478128566,49.82888740966147,57290.54584823127,31.435878661087862,88.5014967668315,一级
68,2018-03-10,西藏,4.982027386839103,5.96988969189806,0.4031228604031951,0.5452453404336249,0.1410707493343476,95.39417839482694,3.0236230505895776,-0.8144845949030051,263.5755667554203,56.47833206542412,57219.812103461394,31.435878661087862,88.5014967668315,一级
69,2018-03-11,西藏,5.3154963864587295,6.200384176492963,0.3800570559147965,0.5718600228223659,0.1482731076454926,96.6213179916318,1.8666279954355267,-1.4363883605933814,263.7963179916318,53.90362114872575,57277.15092430582,31.435878661087862,88.5014967668315,一级
70,2018-03-12,西藏,3.645342335488779,4.334710916698365,0.3010783567896538,0.5988531761125904,0.1450684670977558,98.09142639786992,2.1365329022441992,-1.2186972232788131,264.3744085203499,50.06719855458349,57262.98449980981,31.435878661087862,88.5014967668315,一级
71,2018-03-13,西藏,2.592008368200837,3.135169265880563,0.2238702928870292,0.6252567516165842,0.1420521110688474,98.16943895017116,2.9909357170026625,-2.29347280334728,265.2782445796881,47.52920311905668,57337.553659186,31.435878661087862,88.5014967668315,一级
72,2018-03-14,西藏,2.4839501711677445,3.00989539748954,0.2308919741346519,0.5997280334728033,0.1340167364016736,93.41616584252569,5.530363255990872,-0.7355420311905667,266.2074476987448,42.67554012932674,57356.35959870673,31.435878661087862,88.5014967668315,一级
73,2018-03-15,西藏,3.982428680106505,4.804629136553823,0.4049562571319894,0.598364397109167,0.1442202358311145,88.55484594903005,6.847868010650437,1.3719684290604794,266.05900722708253,52.86817421072651,57195.64997147205,31.435878661087862,88.5014967668315,一级
74,2018-03-16,西藏,6.641601369341955,7.663389121338912,0.8531114492202359,0.5714606314187903,0.1582350703689616,89.73932483834157,6.014689996196273,1.3064130848231266,264.7616983643971,60.3250209205021,56929.96766260936,31.435878661087862,88.5014967668315,一级
75,2018-03-17,西藏,6.244655762647395,7.073702928870293,0.7888645872955498,0.5728489920121719,0.1539767972613161,89.7376511981742,4.8067573221757325,0.5368847470521111,263.3001958919741,57.06199505515404,56862.261114492205,31.435878661087862,88.5014967668315,一级
76,2018-03-18,西藏,4.039990490680867,4.604722327881324,0.4443096234309623,0.5521871434005325,0.1485146443514644,96.1798003042982,2.483845568657284,-2.553008748573602,263.34587866108785,49.01791175351845,57244.29945036135,31.435878661087862,88.5014967668315,一级
77,2018-03-19,西藏,1.2983739064282998,1.590880562951693,0.1083510840623811,0.5239197413465196,0.1317934575884366,105.3951007987828,3.330498288322556,-1.196542411563332,265.6233643971091,30.890098896918985,57576.007997337394,31.435878661087862,88.5014967668315,一级
78,2018-03-20,西藏,1.775557246101179,2.4140053252187146,0.1386230505895777,0.6742354507417269,0.1211658425256751,93.1968410041841,2.4791783948269304,-1.0771947508558388,266.3934956257132,38.5444199315329,57475.70539939141,31.435878661087862,88.5014967668315,一级
79,2018-03-21,西藏,2.844069988588817,3.486608976797261,0.2718391023202738,0.6064111829593002,0.1221700266260935,89.03973754279194,2.335829212628376,0.9362495245340434,266.71846329402814,45.732348801825786,57396.63870102701,31.435878661087862,88.5014967668315,一级
80,2018-03-22,西藏,5.213143780905287,6.108145682769114,0.59853366298973,0.5616413084823126,0.1391650817801445,90.05002092050209,4.877215671357931,2.158195131228604,266.58852985926205,57.81139406618486,57169.55437618867,31.435878661087862,88.5014967668315,一级
81,2018-03-23,西藏,7.2917135793077215,8.434596804868772,0.8180810193990111,0.5480543933054394,0.1547984024343857,96.27512362114872,5.240019018638265,0.4874362875618105,266.0542734880183,60.06478699125143,57118.90483453785,31.435878661087862,88.5014967668315,一级
82,2018-03-24,西藏,6.442689235450742,7.425678965386078,0.6896462533282617,0.5378832255610498,0.1433548877900342,96.95133320654242,5.056439710916698,-0.438900722708254,267.14914606314187,51.71390072270825,57426.61916317992,31.435878661087862,88.5014967668315,一级
83,2018-03-25,西藏,5.287015975656143,6.085827310764549,0.4289825028527957,0.5311544313427159,0.1336858120958539,93.82845758843668,2.0981570939520733,-1.544838341574743,266.62290414606315,52.38020159756561,57582.17833396729,31.435878661087862,88.5014967668315,一级
84,2018-03-26,西藏,5.236511981742107,6.081605173069608,0.4550494484594903,0.4908158995815899,0.1459300114111829,97.34237923164702,-2.04015975656143,-3.105496386458729,265.4194503613541,54.68226131608977,57618.96092810955,31.435878661087862,88.5014967668315,一级
85,2018-03-27,西藏,3.56500570559148,4.082942183339673,0.3528451882845188,0.5381133510840624,0.1443933054393305,107.16399961962723,-0.0875465956637504,-2.012911753518448,266.8798630658045,42.325,57631.76472613161,31.435878661087862,88.5014967668315,一级
86,2018-03-28,西藏,3.04950931913275,3.8094066184861166,0.3080068467097756,0.5704222137694941,0.1378680106504374,108.2193704830734,4.487681627995436,-0.1839577786230506,268.39926968429063,37.808895017116775,57467.77848992012,31.435878661087862,88.5014967668315,一级
87,2018-03-29,西藏,4.240825408900722,5.211557626473945,0.3790167364016736,0.6254773678204641,0.1437219475085584,100.83671357930773,3.9207550399391407,-0.7456903765690377,266.8543704830734,50.64380753138076,57296.84376188665,31.435878661087862,88.5014967668315,一级
88,2018-03-30,西藏,8.692213769494105,10.220062761506275,0.7820483073411945,0.5498440471662229,0.1611106884747052,93.75488018257892,0.8910954735640928,-0.5124591099277293,265.4813465195892,63.85039178394827,57159.60751996956,31.435878661087862,88.5014967668315,一级
89,2018-03-31,西藏,7.440479269684291,8.585144541650818,0.7147793837961202,0.4605838721947508,0.1586591860022822,95.21861163940662,-2.1984176492963106,-2.181960821605173,265.0649144161278,59.86504944845949,57432.13116964625,31.435878661087862,88.5014967668315,一级
90,2018-04-01,西藏,5.628752377329783,6.548280715100799,0.6170178775199696,0.4709147965005706,0.1550494484594903,107.05907759604412,-2.772951692658806,-1.9346196272346896,267.4302377329783,45.593198934956256,57700.96534043362,31.435878661087862,88.5014967668315,一级
91,2018-04-02,西藏,3.995988969189806,4.743531761125904,0.3666070749334348,0.656711677443895,0.1474077596044123,114.28953214149868,0.5740376569037657,-0.9382141498668696,269.7600076074553,36.04527006466337,57728.30021681248,31.435878661087862,88.5014967668315,一级
92,2018-04-03,西藏,3.070905287181438,3.761513883605934,0.2257474324838341,0.6885184480791176,0.1402700646633701,122.05563522251808,2.288710536325599,-0.0682578927348801,270.5190433624952,40.16755990871054,57603.391565233935,31.435878661087862,88.5014967668315,一级
93,2018-04-04,西藏,6.02816470140738,7.218815138836059,0.465193990110308,0.6246405477367821,0.1463503233168505,116.1219494104222,3.0734442753898823,-0.8354640547736781,269.6069456066946,55.77783948269304,57396.62374476987,31.435878661087862,88.5014967668315,一级
94,2018-04-05,西藏,8.41718333967288,9.459960060859643,0.6880315709395207,0.5070768352985926,0.1518828451882845,104.27650817801444,-0.0248896918980601,-2.1864397109166984,268.2369494104222,58.76513313046786,57358.48662609357,31.435878661087862,88.5014967668315,一级
95,2018-04-06,西藏,4.668651578546976,5.376734499809813,0.3409775580068467,0.4771357930772157,0.1337238493723849,104.57739634842144,-1.383014454165082,-1.0145701787751995,267.7976283758083,47.14376378851274,57587.31081399772,31.435878661087862,88.5014967668315,一级
96,2018-04-07,西藏,6.766690756941803,8.005930011411182,0.62809813617345,0.5816603271205781,0.1425523012552301,104.02839102320274,2.16168695321415,0.1776854317230886,269.13043362495245,51.48455496386458,57615.02909851655,31.435878661087862,88.5014967668315,一级
97,2018-04-08,西藏,9.867362114872574,10.975840623811337,0.8397945987067327,0.5860669456066946,0.1535602890833016,104.01395777862304,2.4469418029669074,0.2301502472422974,270.1370863446177,55.71158615443135,57581.42544313428,31.435878661087862,88.5014967668315,一级
98,2018-04-09,西藏,9.7214111829593,11.032228984404716,1.0188912133891213,0.6443685812095854,0.1635736021300875,104.01305439330544,3.268229364777482,-0.0509281095473564,271.22729364777484,56.81785279573983,57548.92535184481,31.435878661087862,88.5014967668315,一级
99,2018-04-10,西藏,9.605475465956635,10.912945987067326,0.9662457208063904,0.6121757322175733,0.1647774819322936,101.24389121338912,4.1146576645112205,0.1443457588436668,271.5928432864207,55.68095283377711,57430.51001711678,31.435878661087862,88.5014967668315,一级
100,2018-04-11,西藏,10.34202358311145,11.983740966146824,1.10581589958159,0.6118200836820084,0.1666983643971091,100.0696139216432,6.373955876759225,1.2440300494484595,271.2319969570179,59.50658805629517,57294.2701996957,31.435878661087862,88.5014967668315,一级
101,2018-04-12,西藏,11.271198174210726,12.87586534804108,1.1739653860783568,0.5161506276150628,0.1715937618866489,99.4048421453024,6.634408520349943,1.1301198174210727,269.79892164321035,60.49648725751237,57168.29802966908,31.435878661087862,88.5014967668315,一级
102,2018-04-13,西藏,8.510481171548117,9.599381894256371,0.8820083682008368,0.4966850513503233,0.1564910612400152,96.709583491822,6.338872194750856,0.5865956637504754,267.85150247242296,56.62425066565234,57138.40646823887,31.435878661087862,88.5014967668315,一级
103,2018-04-14,西藏,6.450467858501331,7.17194560669456,0.6816793457588437,0.4737980220616204,0.1444693799923925,104.82127615062764,4.001000380372765,-1.59423925446938,267.3931057436287,50.47777672118677,57327.74328832256,31.435878661087862,88.5014967668315,一级
104,2018-04-15,西藏,3.735574362875618,4.139648155192089,0.3372499049068087,0.4911220996576645,0.134678585013313,112.51953594522632,1.6970140737923165,-1.070142639786991,268.46014834537846,42.98032712057817,57500.04629897299,31.435878661087862,88.5014967668315,一级
105,2018-04-16,西藏,2.6621529098516548,3.284480791175352,0.221238113351084,0.5661316089767973,0.1329535945226322,110.73741156333207,2.2415595283377714,-0.3384347660707493,269.9670768352986,43.83869912514264,57612.68513313047,31.435878661087862,88.5014967668315,一级
106,2018-04-17,西藏,4.573219855458349,5.546441612780525,0.4309071890452643,0.5084195511601369,0.1377538988208444,109.7660251046025,2.9198972993533663,1.2013465195891977,270.6201350323317,49.97586534804108,57607.317424876375,31.435878661087862,88.5014967668315,一级
107,2018-04-18,西藏,6.18430581970331,7.194887790034234,0.5996995055154051,0.5446063141879042,0.147379231647014,101.95846899961964,4.513691517687334,-0.3190966146823887,270.02590909090907,56.08447508558387,57414.06639977178,31.435878661087862,88.5014967668315,一级
108,2018-04-19,西藏,7.149568276911373,8.118668695321414,0.5488721947508558,0.580574362875618,0.146428299733739,98.31635602890832,5.446325599087105,0.4382959300114111,270.9702225180677,50.461270445036135,57285.03920502092,31.435878661087862,88.5014967668315,一级
109,2018-04-20,西藏,7.505330924305819,8.856506276150627,0.5995302396348421,0.5682065424115633,0.1448877900342335,97.21070368961584,5.540724610117916,1.6607626473944468,270.8131875237733,53.91327500950932,57278.365161658425,31.435878661087862,88.5014967668315,一级
110,2018-04-21,西藏,9.228662989729935,10.464644351464434,0.6633834157474325,0.4861373145682769,0.1488493723849372,99.43001141118296,6.842194750855839,2.2813160897679725,270.78813997717765,52.76977558006846,57304.91634271586,31.435878661087862,88.5014967668315,一级
111,2018-04-22,西藏,9.210949030049449,10.341833396728797,0.4833035374667174,0.5171966527196653,0.1342316470140737,95.00510840623812,5.326395968048687,1.1413294028147585,270.3261316089768,48.50840053252188,57364.22949980981,31.435878661087862,88.5014967668315,一级
112,2018-04-23,西藏,8.818035374667174,9.939832635983263,0.4846386458729555,0.5067668314948649,0.1358596424496006,99.25999809813618,2.437211867630278,-0.1658120958539368,270.3559509319133,48.4655724610118,57438.19210536325,31.435878661087862,88.5014967668315,一级
113,2018-04-24,西藏,8.482289844047166,9.827362114872574,0.5109661468238874,0.4317002662609357,0.1414473183720045,102.17510270064662,-0.8572518067706353,-1.0677158615443134,269.94220235831114,50.46220045644732,57503.15673069608,31.435878661087862,88.5014967668315,一级
114,2018-04-25,西藏,6.88755230125523,7.709920121719286,0.5310136934195512,0.4936496766831495,0.1413921643210346,108.44756561430202,-1.606078356789654,-1.2093286420692275,269.8167744389502,47.144811715481175,57537.70271395968,31.435878661087862,88.5014967668315,一级
115,2018-04-26,西藏,5.8379573982502855,6.950971852415367,0.533896918980601,0.5699011030810194,0.1429745150247242,115.12613541270444,-0.9328623050589576,-0.3426949410422214,270.3774648155192,42.7606085964245,57575.17261125903,31.435878661087862,88.5014967668315,一级
116,2018-04-27,西藏,6.221593761886648,7.380475465956637,0.6140547736782046,0.5716698364397109,0.1443343476607075,115.50964435146444,2.0599087105363254,0.1515671357930772,271.09586915176874,46.16135793077216,57601.51261506276,31.435878661087862,88.5014967668315,一级
117,2018-04-28,西藏,8.565888170407,9.927793837961202,0.723174210726512,0.5314416127805249,0.1495207303157094,107.0505515405097,1.8997679726131609,-1.0601274248763788,270.7868105743629,56.53307531380753,57590.22633130468,31.435878661087862,88.5014967668315,一级
118,2018-04-29,西藏,10.98563332065424,11.864319132750094,0.7237599847850894,0.4659109927729175,0.1466260935717002,98.72027006466335,0.7247641688855078,-1.036898060098897,269.51537276531,62.13323697223279,57439.266974134654,31.435878661087862,88.5014967668315,一级
119,2018-04-30,西藏,9.48147204260175,10.241445416508178,0.7447394446557627,0.4643952073031571,0.1489064282997337,99.00098136173447,-0.6450057055914796,-1.3929916317991633,269.21815899581594,58.88249144161279,57417.10598706732,31.435878661087862,88.5014967668315,一级
120,2018-05-01,西藏,7.2831551920882465,7.980962343096235,0.5808444275389882,0.5735945226321796,0.1467306960821605,104.27525484975276,-1.2989577786230506,-1.0623297831875236,270.3780962343096,54.05020730315709,57592.39601559528,31.435878661087862,88.5014967668315,一级
121,2018-05-02,西藏,6.691860022822366,7.748174210726512,0.6059147965005706,0.6317630277672118,0.1481437809052871,112.29876188664892,0.1557379231647014,-0.0602092050209204,271.47232978318755,52.837698744769874,57654.891217192846,31.435878661087862,88.5014967668315,一级
122,2018-05-03,西藏,7.42859452263218,8.650954735640928,0.6690091289463674,0.5856865728413846,0.1486915176873336,113.69755420311904,1.886285659946748,1.395117915557246,271.907160517307,55.819307721567135,57635.44048687714,31.435878661087862,88.5014967668315,一级
123,2018-05-04,西藏,8.699904906808673,9.955184480791177,0.7124819322936478,0.5613845568657284,0.1566127805249144,105.47885127424875,4.736019399011031,-0.1286287561810574,271.137949790795,60.82579688094332,57485.73103651579,31.435878661087862,88.5014967668315,一级
124,2018-05-05,西藏,8.29602510460251,9.163531761125904,0.5719360973754279,0.5697850893875999,0.1465081780144541,101.39212248003044,4.431241917078737,-1.54179726131609,270.8665195891974,57.26092050209205,57474.23478128566,31.435878661087862,88.5014967668315,一级
125,2018-05-06,西藏,6.0989463674400906,6.792635983263598,0.426407379231647,0.570515405096995,0.1416964625332826,103.78951122099656,3.2634594903004945,-0.9893438569798404,271.43358311144925,54.02178014454165,57530.22968809433,31.435878661087862,88.5014967668315,一级
126,2018-05-07,西藏,6.572069227843287,7.380019018638265,0.4787885127424876,0.5612019779383797,0.1538645872955496,104.04068467097756,5.952565614302016,0.0926607074933434,271.91895968048686,55.5268124762267,57407.508915937615,31.435878661087862,88.5014967668315,一级
127,2018-05-08,西藏,7.77074933434766,8.604248763788513,0.6206181057436287,0.5287333586915177,0.1582426778242677,100.51064282997336,5.514564473183721,0.4841669836439711,271.5389653860784,59.77475846329403,57340.9607151008,31.435878661087862,88.5014967668315,一级
128,2018-05-09,西藏,8.09369912514264,9.363073411943706,0.6590909090909091,0.5144332445796881,0.1600171167744389,103.45906998858882,4.888632559908711,1.490950931913275,270.5041384556866,64.22682008368201,57335.20270825408,31.435878661087862,88.5014967668315,一级
129,2018-05-10,西藏,8.051285659946748,8.883875998478509,0.5213655382274629,0.4747508558387219,0.1466983643971091,108.28847280334728,3.0925675161658424,-0.7702225180677064,269.6439672879422,55.872322175732215,57511.72261506276,31.435878661087862,88.5014967668315,一级
130,2018-05-11,西藏,5.673750475465957,6.070180677063522,0.3121262837580829,0.4934347660707493,0.1351103081019398,110.56926207683532,-0.4570178775199696,-4.1277995435526815,270.3633396728794,48.55451692658806,57764.55938379612,31.435878661087862,88.5014967668315,一级
131,2018-05-12,西藏,2.728866489159376,3.00804868771396,0.0916755420311905,0.5740566755420312,0.1251502472422974,112.27195701787753,-0.4441783948269303,-1.976470140737924,272.5964625332826,38.16853936858121,57900.979106124,31.435878661087862,88.5014967668315,一级
132,2018-05-13,西藏,3.074817421072651,3.631871434005325,0.2253404336249524,0.6335089387599848,0.1320521110688474,111.44352795739825,1.8131704069988588,-0.0871453023963484,273.7666032712058,42.8417478128566,57747.42166983644,31.435878661087862,88.5014967668315,一级
133,2018-05-14,西藏,5.426276150627615,6.41,0.376559528337771,0.6425561049828832,0.1425979459870673,110.28559147965008,4.352831875237733,0.2208216051730696,273.78824267782426,52.45340053252187,57525.27265690376,31.435878661087862,88.5014967668315,一级
134,2018-05-15,西藏,6.111536705971853,7.499400912894637,0.485232027386839,0.5390604792696843,0.1467078737162419,107.38785469760364,3.2942145302396346,-0.4384461772537086,273.6335393685812,56.88813997717764,57415.07744960061,31.435878661087862,88.5014967668315,一级
135,2018-05-16,西藏,7.109868771395968,8.411093571700267,0.5412248003042982,0.5496671738303538,0.148651578546976,105.51031951312288,1.5997907949790795,0.2538284518828452,274.1053556485356,55.7524496006086,57468.95965386079,31.435878661087862,88.5014967668315,一级
136,2018-05-17,西藏,9.192352605553442,10.556595663750477,0.7660631418790415,0.5384290604792696,0.1547850893875998,104.94048307341195,3.5877101559528337,0.4108292126283758,274.6879516926588,55.654456066945606,57473.74612209966,31.435878661087862,88.5014967668315,一级
137,2018-05-18,西藏,9.393670597185242,10.396656523392926,0.7142487637885128,0.5138550779764168,0.1517402054012932,102.17025104602511,3.679748953974895,0.1986667934575884,275.0029954355268,52.967204260174974,57494.00365157855,31.435878661087862,88.5014967668315,一级
138,2018-05-19,西藏,9.961432103461393,11.13410612400152,0.8607987828071509,0.5033605933815138,0.154923925446938,102.9497413465196,4.158765690376569,1.0523126664130849,275.4495549638646,54.42466717383036,57505.69420882464,31.435878661087862,88.5014967668315,一级
139,2018-05-20,西藏,11.22760174971472,12.307010270064664,0.8384043362495245,0.5239691898060099,0.153233168505135,102.40054963864588,4.618714340053252,0.8742620768352986,275.9958919741346,49.534996196272346,57587.89496006085,31.435878661087862,88.5014967668315,一级
140,2018-05-21,西藏,10.370241536705972,11.471827691137316,0.6130677063522252,0.5828489920121719,0.1436877139596805,99.23945796880945,3.467693039178395,-0.3951445416508178,277.3008311144922,41.90761696462533,57788.12516546215,31.435878661087862,88.5014967668315,一级
141,2018-05-22,西藏,13.394615823507037,14.825140737923164,0.5519227843286421,0.5962419170787372,0.140912894636744,97.19708634461772,4.021506276150628,1.0567268923545077,278.203794218334,40.8496995055154,57831.28878851274,31.435878661087862,88.5014967668315,一级
142,2018-05-23,西藏,21.23377900342336,22.64843476607075,0.7694845949030049,0.558934956257132,0.1481076454925827,100.16232407759604,6.48522061620388,1.0064606314187905,276.7903936858121,43.620378470901485,57702.89780715101,31.435878661087862,88.5014967668315,一级
143,2018-05-24,西藏,24.08232597945987,25.452660707493344,1.007700646633701,0.5462761506276151,0.1555800684670977,99.35890452643592,7.507647394446558,0.7704355268162799,275.86635412704453,43.64762647394446,57541.36552681628,31.435878661087862,88.5014967668315,一级
144,2018-05-25,西藏,15.319825028527957,16.266981742107262,0.8376397869912515,0.5387923164701407,0.1453822746291365,96.00306770635224,4.218923545074173,-0.4588550779764168,274.94036896158235,45.77117154811716,57601.15318562191,31.435878661087862,88.5014967668315,一级
145,2018-05-26,西藏,12.099960060859642,12.966607074933435,0.7298136173449982,0.5095720806390263,0.1376378851274249,99.86032521871434,1.517209965766451,0.4311506276150627,274.65019589197414,48.9776150627615,57604.1698421453,31.435878661087862,88.5014967668315,一级
146,2018-05-27,西藏,13.901274248763787,15.034828832255611,0.9394922023583112,0.4896120197793838,0.1465233929250665,103.07539748953974,3.935726511981742,1.0074457968809432,274.4446139216432,53.78066945606695,57567.53855458349,31.435878661087862,88.5014967668315,一级
147,2018-05-28,西藏,8.996091669836439,9.901279954355267,0.841525294788893,0.4601502472422974,0.1496709775580068,108.17044123240775,3.165300494484596,0.8103119056675542,274.02962723469,55.94298402434386,57436.24838341575,31.435878661087862,88.5014967668315,一级
148,2018-05-29,西藏,7.707223278813237,8.443910232027386,0.8582483834157475,0.478212248003043,0.1523754279193609,109.11190756941804,1.1778851274248765,1.2087675922403955,274.062894636744,58.01931723088627,57403.71757702548,31.435878661087862,88.5014967668315,一级
149,2018-05-30,西藏,7.550772156713579,8.275825408900722,0.7496861924686192,0.4885412704450361,0.1489520730315709,102.80491251426398,1.6604203119056675,-0.3140338531761126,273.9975846329403,64.17340623811336,57469.44230886269,31.435878661087862,88.5014967668315,一级
150,2018-05-31,西藏,7.218955876759224,7.82026435907189,0.4862514263978699,0.5389539748953975,0.1397660707493343,104.7831532902244,0.3322232788132369,-0.4822841384556866,275.1607284138456,55.268645872955496,57685.42338341574,31.435878661087862,88.5014967668315,一级
151,2018-06-01,西藏,8.400325218714341,9.078065804488398,0.5363122860403194,0.5535469760365158,0.1400836820083682,105.15277291745912,0.0251274248763788,0.2862799543552681,276.04802015975656,55.60408139977178,57775.589872575125,31.435878661087862,88.5014967668315,一级
152,2018-06-02,西藏,11.25560669456067,12.12755230125523,0.7025028527957399,0.590629516926588,0.1477843286420692,99.97389882084444,0.5327234689996196,-0.1829402814758463,275.50069418029665,65.534298212248,57691.514952453406,31.435878661087862,88.5014967668315,一级
153,2018-06-03,西藏,10.87533092430582,11.476255230125524,0.56347850893876,0.5463921643210345,0.1357569418029669,104.045931913275,-2.043851274248764,-2.463773297831876,275.03960251046027,55.16496006085964,57781.81780524914,31.435878661087862,88.5014967668315,一级
154,2018-06-04,西藏,6.571230505895778,6.932204260174971,0.2475389882084442,0.5341042221376949,0.1204507417268923,107.5106009889692,-2.592107265119817,-0.9579155572461012,276.2763313046786,42.69548497527577,57917.17276340814,31.435878661087862,88.5014967668315,一级
155,2018-06-05,西藏,6.137114872575124,6.518282616964624,0.130076074553062,0.6772746291365539,0.1191726892354507,108.97871434005324,0.3376949410422213,0.5593685812095853,278.60489159376186,35.259045264359074,57962.11883986307,31.435878661087862,88.5014967668315,一级
156,2018-06-06,西藏,13.653440471662227,14.459351464435148,0.2670426017497147,0.647379231647014,0.1249030049448459,99.4786458729555,1.656643210346139,-0.1496443514644351,278.35395777862306,48.78844617725371,57898.84914606314,31.435878661087862,88.5014967668315,一级
157,2018-06-07,西藏,14.713735260555346,15.303874096614685,0.3569589197413465,0.594982883225561,0.1235336629897299,93.81992202358312,0.0758330163560289,-1.5116317991631798,276.9877044503614,53.32969570178775,57766.31512362115,31.435878661087862,88.5014967668315,一级
158,2018-06-08,西藏,11.138459490300496,11.62974134651959,0.4357017877519969,0.6063579307721567,0.1273050589577786,94.3353442373526,0.4901483453784708,0.0284785089387599,278.01584632940285,45.39101369341955,57580.97644161278,31.435878661087862,88.5014967668315,一级
159,2018-06-09,西藏,9.942584632940282,10.676685051350324,0.5665481171548117,0.5553689615823507,0.1267516165842525,91.50102130087484,1.136801065043743,0.0217097755800684,278.5557797641689,54.49789273488018,57446.3663351084,31.435878661087862,88.5014967668315,一级
160,2018-06-10,西藏,9.36771205781666,10.17314758463294,0.6335051350323316,0.5714111829593002,0.1293990110308102,87.87501901863826,1.501331304678585,0.9593590718904528,279.4548003042982,59.560538227462914,57416.72472803347,31.435878661087862,88.5014967668315,一级
161,2018-06-11,西藏,8.452655001901864,9.321650817801444,0.7016203879802206,0.5729060479269684,0.133613541270445,82.65086344617725,1.2565861544313428,0.7336972232788133,279.214747052111,65.71871434005325,57294.22791936097,31.435878661087862,88.5014967668315,一级
162,2018-06-12,西藏,9.387984024343856,10.111112590338532,0.912396348421453,0.5963674400912894,0.1426854317230886,82.78438950171167,1.9409281095473565,1.51511030810194,279.2336667934576,65.8852510460251,57154.08412324078,31.435878661087862,88.5014967668315,一级
163,2018-06-13,西藏,8.521076454925828,9.1572993533663,0.9181133510840624,0.5792506656523393,0.1407930772156713,82.92162038798023,1.662649296310384,0.3706542411563332,278.4499866869532,66.51824267782426,57119.261551920885,31.435878661087862,88.5014967668315,一级
164,2018-06-14,西藏,8.80355077976417,9.383626854317232,0.8472727272727273,0.5566051730696082,0.1345416508178014,84.83440471662229,0.9852054012932674,-0.1885983263598326,277.6089121338912,66.49887409661468,57214.8311620388,31.435878661087862,88.5014967668315,一级
165,2018-06-15,西藏,8.837995435526816,9.470863446177257,0.96549068086725,0.5725465956637504,0.1417801445416508,87.81753138075314,1.4050475465956638,0.5599277291745911,278.00941612780525,64.54331304678585,57320.03751426398,31.435878661087862,88.5014967668315,一级
166,2018-06-16,西藏,9.149513122860403,9.920058957778624,0.9366222898440472,0.584653860783568,0.1522346899961962,87.63794218333967,3.4182236591860025,0.4513446177253709,278.0783891213389,66.63782807151009,57336.11091860022,31.435878661087862,88.5014967668315,一级
167,2018-06-17,西藏,8.605469760365157,9.191917078737164,0.7878927348801825,0.5482141498668696,0.1509414225941422,83.3349144161278,4.632559908710537,0.8325161658425256,278.2997527577025,62.33129136553823,57353.50363065804,31.435878661087862,88.5014967668315,一级
168,2018-06-18,西藏,6.563335869151768,7.140465956637505,0.6946158235070369,0.572320273868391,0.1508082921262837,82.9173564092811,3.088567896538608,0.869395207303157,278.47968809433246,61.89262457208064,57407.898333967285,31.435878661087862,88.5014967668315,一级
169,2018-06-19,西藏,6.332993533662989,6.968183720045644,0.5968676302776721,0.5805933815138836,0.1446291365538227,90.56185241536706,2.380739825028528,1.296148725751236,279.23630848231267,59.06596614682388,57495.20804108026,31.435878661087862,88.5014967668315,一级
170,2018-06-20,西藏,7.2049600608596425,8.027793837961202,0.6239615823507036,0.5832445796880943,0.1439254469379992,101.1978794218334,3.433691517687333,1.530528718143781,279.80706352225184,57.76890642829973,57578.65346519589,31.435878661087862,88.5014967668315,一级
171,2018-06-21,西藏,8.643895017116774,9.589815519208823,0.7595663750475466,0.5925427919360974,0.1441346519589197,105.358267402054,3.7311886648915937,1.284119437048307,279.9459509319133,57.13117344998098,57613.31021300875,31.435878661087862,88.5014967668315,一级
172,2018-06-22,西藏,9.608832255610498,10.55596995055154,0.9192963103841764,0.5682807151007988,0.1459813617344998,104.03331685051351,3.4173982502852795,0.9238512742487636,280.1010973754279,57.84398440471662,57621.60630087486,31.435878661087862,88.5014967668315,一级
173,2018-06-23,西藏,9.45477938379612,10.335053252187144,0.9404697603651578,0.5835583872194751,0.1467211867630277,101.8871700266261,3.338385317611259,0.8091099277291747,280.3715329022442,57.46710726511981,57590.77764168885,31.435878661087862,88.5014967668315,一级
174,2018-06-24,西藏,9.347268923545077,10.272493343476606,0.8685355648535565,0.5603575503993914,0.1476321795359452,99.97084252567517,3.347286040319513,0.6153195131228604,280.47395017116776,57.3645701787752,57524.41067135793,31.435878661087862,88.5014967668315,一级
175,2018-06-25,西藏,9.879756561430202,10.83261886648916,0.9520311905667552,0.5618714340053252,0.150096995055154,101.11780524914415,2.8742544693799923,1.2763122860403195,280.8221395968049,56.24734880182579,57453.34257512362,31.435878661087862,88.5014967668315,一级
176,2018-06-26,西藏,10.34822936477748,11.217510460251043,1.064087105363256,0.5781038417649297,0.1496899961962723,113.31105553442374,2.8204165081780146,1.837265119817421,281.0179478889312,58.223984404716624,57506.988959680486,31.435878661087862,88.5014967668315,一级
177,2018-06-27,西藏,11.882780524914416,12.912637885127424,1.2234804108025863,0.561462533282617,0.1456732597945987,127.33925827310765,1.9761582350703688,2.227639786991252,281.0830924305819,65.74554393305439,57678.73058767593,31.435878661087862,88.5014967668315,一级
178,2018-06-28,西藏,12.926517687333588,13.869035755039938,1.0645796880943326,0.5732388740966147,0.1334480791175352,132.31216622289844,2.599764168885508,1.215521110688475,281.2394903004945,69.69810003803727,57773.93697984024,31.435878661087862,88.5014967668315,一级
179,2018-06-29,西藏,11.560211106884749,12.390787371624192,0.7623659186002282,0.6151065043742868,0.1257645492582731,115.94222898440472,1.1339577786230506,0.280950931913275,281.4129003423355,70.41271205781666,57684.921789653854,31.435878661087862,88.5014967668315,一级
180,2018-06-30,西藏,11.685597185241535,12.605505895777862,0.7308178014454165,0.6100532521871433,0.1225732217573221,110.24792696842906,1.0968086724990491,0.2176302776721186,281.30984785089385,71.60340433624953,57614.5295739825,31.435878661087862,88.5014967668315,一级
181,2018-07-01,西藏,13.105652339292508,13.994467478128566,1.188554583491822,0.6775199695701788,0.1317078737162419,104.6677653100038,1.7744142259414228,0.3030125523012552,281.3589178394827,70.19398440471662,57555.444941042224,31.435878661087862,88.5014967668315,一级
182,2018-07-02,西藏,14.450519208824648,15.400629516926587,1.8084861163940664,0.6819094712818562,0.1526968429060479,95.89223278813236,2.884418029669076,1.3509623430962343,280.4929878280715,71.83894256371244,57376.04330734119,31.435878661087862,88.5014967668315,一级
183,2018-07-03,西藏,11.307308862685431,12.089446557626474,1.6729383796120196,0.6948706732597946,0.1631171548117155,82.31383605933816,3.973248383415748,1.261163940661849,279.7565766451122,69.74353746671738,57260.36604031951,31.435878661087862,88.5014967668315,一级
184,2018-07-04,西藏,8.137658805629517,8.88907949790795,1.2172613160897678,0.6716337010270065,0.1662647394446557,76.87664321034615,3.2068238874096613,1.476977938379612,279.41814187904146,68.7868048687714,57285.967999239256,31.435878661087862,88.5014967668315,一级
185,2018-07-05,西藏,6.94314758463294,7.727590338531761,0.9162989729935336,0.7175542031190567,0.1684328642069227,78.70637314568276,3.6609490300494487,1.5389368581209584,280.5237010270065,61.60944655762647,57448.1737067326,31.435878661087862,88.5014967668315,一级
186,2018-07-06,西藏,7.114903004944846,8.016344617725371,0.765283377710156,0.753271205781666,0.1629821224800304,93.5561753518448,1.8208843666793453,1.123236972232788,281.9299524534043,57.95949410422214,57598.030798782806,31.435878661087862,88.5014967668315,一级
187,2018-07-07,西藏,8.527033092430582,9.586886648915938,0.7742373526055535,0.689982883225561,0.1524077596044123,118.34648535564853,1.229007227082541,1.093474705211107,282.49062190947126,61.74339863065804,57662.66218333967,31.435878661087862,88.5014967668315,一级
188,2018-07-08,西藏,9.429899201217191,10.338678204640548,0.7077481932293648,0.6751255230125522,0.1415443134271586,128.15179345758844,1.065405096995055,0.518875998478509,282.5833891213389,64.50634271586154,57645.80096995055,31.435878661087862,88.5014967668315,一级
189,2018-07-09,西藏,10.091802966907569,11.07645492582731,0.6762476226702169,0.666749714720426,0.1339216432103461,124.24084062381132,1.314260174971472,0.2891403575503994,281.5832883225561,67.96013693419552,57609.174024343854,31.435878661087862,88.5014967668315,一级
190,2018-07-10,西藏,8.687523773297832,9.290610498288322,0.5986553822746291,0.6510555344237353,0.1247565614302016,99.01040319513125,-0.0182350703689615,-0.12956447318372,280.1563408139977,69.04114872575123,57645.4303575504,31.435878661087862,88.5014967668315,一级
191,2018-07-11,西藏,7.102405857740585,7.622455306200076,0.4694579688094332,0.6649505515405096,0.118689615823507,91.5280658044884,-0.729923925446938,0.0221148725751236,280.1203537466717,64.63679535945226,57624.92049828832,31.435878661087862,88.5014967668315,一级
192,2018-07-12,西藏,7.265505895777862,7.831825789273488,0.4836420692278432,0.6602757702548497,0.1207379231647014,87.14616394066185,-0.4342145302396348,1.0068790414606317,280.73395397489537,63.24282616964626,57599.269315329024,31.435878661087862,88.5014967668315,一级
193,2018-07-13,西藏,9.852554203119055,10.590481171548117,0.6059166983643971,0.7293799923925447,0.1260365157854697,88.02094903004945,1.40918410041841,1.4054089007227084,280.4793990110308,71.50190376569037,57556.3791745911,31.435878661087862,88.5014967668315,一级
194,2018-07-14,西藏,9.577019779383797,10.143143780905287,0.4627443895017117,0.6692525675161658,0.1234956257131989,84.17391974134651,0.765950931913275,0.0981057436287561,280.0849277291746,70.29225180677064,57580.55174591099,31.435878661087862,88.5014967668315,一级
195,2018-07-15,西藏,8.729960060859643,9.289083301635603,0.3140623811335108,0.6825561049828832,0.1177843286420692,83.98724039558768,-1.213029669075694,0.5719265880562951,280.8563389121339,62.798107645492586,57650.756574743245,31.435878661087862,88.5014967668315,一级
196,2018-07-16,西藏,8.77429440852035,9.50163179916318,0.3728870292887029,0.6846329402814759,0.117928870292887,91.18583682008368,-0.4155306200076075,1.549425637124382,281.25205020920504,65.23663750475465,57685.02793837961,31.435878661087862,88.5014967668315,一级
197,2018-07-17,西藏,8.621574743248383,9.344284899201217,0.4042677824267782,0.7309357170026627,0.1138569798402434,94.0118410041841,0.7267972613160898,1.480174971472043,280.9209908710536,70.27336059338151,57654.746521491055,31.435878661087862,88.5014967668315,一级
198,2018-07-18,西藏,8.232118676302777,8.84136744009129,0.426407379231647,0.7173354887790034,0.1164530239634842,84.5550722708254,1.3207246101179155,1.2011487257512363,280.53159186002284,70.90918410041841,57642.08118676303,31.435878661087862,88.5014967668315,一级
199,2018-07-19,西藏,10.234269684290606,10.813071510079878,0.4462875618105743,0.6658558387219475,0.1181304678585013,80.78233739064284,0.654142259414226,0.6487599847850893,280.6288836059338,71.16591289463675,57674.119819322936,31.435878661087862,88.5014967668315,一级
200,2018-07-20,西藏,12.00612970711297,12.75038037276531,0.4357835678965386,0.6353081019399011,0.1175789273488018,80.86645112209966,-0.0878775199695701,0.8245359452263218,280.85452833777106,67.49866869532141,57691.38375808292,31.435878661087862,88.5014967668315,一级
201,2018-07-21,西藏,10.84548497527577,11.455950931913277,0.5048896918980601,0.6686249524534044,0.1124286801065043,88.307521871434,0.0145378470901483,0.8290224419931533,280.90099847850894,69.26216622289843,57658.37222518068,31.435878661087862,88.5014967668315,一级
202,2018-07-22,西藏,10.861667934575884,11.35658235070369,0.530895777862305,0.6849106124001522,0.1118695321414986,84.44087485736021,-0.550228223659186,0.6196652719665272,280.4547527577026,69.66821795359452,57655.57195321415,31.435878661087862,88.5014967668315,一级
203,2018-07-23,西藏,11.17968619246862,11.729009128946368,0.4806580448839863,0.638495625713199,0.1140661848611639,81.61120007607455,-1.454332445796881,0.3517592240395588,280.8684081399772,64.73480410802586,57690.46516926588,31.435878661087862,88.5014967668315,一级
204,2018-07-24,西藏,10.342824267782428,11.192961201977935,0.5712514263978699,0.7213560289083302,0.1180106504374286,85.19019969570179,-0.7492126283758083,0.9499258273107646,281.6472422974515,62.93723659186002,57693.240233929246,31.435878661087862,88.5014967668315,一级
205,2018-07-25,西藏,11.801595663750476,12.752873716241917,0.8427519969570177,0.7169836439710917,0.1251464435146443,87.65315519208825,-0.1691175351844808,1.081652719665272,281.2026740205401,67.93872765310005,57665.69719475086,31.435878661087862,88.5014967668315,一级
206,2018-07-26,西藏,12.811314187904149,13.987149106124,1.1546101179155572,0.724792696842906,0.1343761886648916,92.4890186382655,1.414471281856219,1.849615823507037,280.9216603271206,70.92640167364017,57627.23318942564,31.435878661087862,88.5014967668315,一级
207,2018-07-27,西藏,15.20663750475466,16.327015975656142,1.1455230125523013,0.6811297071129707,0.1404050969950551,93.08233358691515,2.627702548497528,1.889882084442754,280.8180620007608,71.99299923925447,57554.76797831875,31.435878661087862,88.5014967668315,一级
208,2018-07-28,西藏,15.582972613160898,16.586917078737162,1.0883415747432483,0.6965652339292506,0.1405306200076074,91.5765614302016,2.683246481551921,1.684077596044123,280.7071091669836,73.36302776721186,57573.53212248003,31.435878661087862,88.5014967668315,一级
209,2018-07-29,西藏,14.740199695701788,15.49984594903005,0.9985945226321796,0.6743457588436668,0.1411392164321034,91.860471662229,1.766021300874857,1.4370616203879802,280.6128851274249,73.74900152149107,57561.77054963865,31.435878661087862,88.5014967668315,一级
210,2018-07-30,西藏,14.275019018638266,15.126688855077978,1.0391764929631038,0.7385146443514644,0.1445834918219855,91.20877710155952,1.3393875998478508,1.285321414986687,280.4638436667934,73.71697413465195,57516.52015024724,31.435878661087862,88.5014967668315,一级
211,2018-07-31,西藏,13.619941042221376,14.334707112970712,0.9527196652719664,0.7251103081019399,0.1402605553442373,91.25808292126284,1.064353366298973,1.3459566375047547,280.00054012932674,74.80283948269305,57401.39473944466,31.435878661087862,88.5014967668315,一级
212,2018-08-01,西藏,12.4767478128566,13.172696842906047,0.9653575503993914,0.7362228984404716,0.1384632940281475,87.72975275770254,1.9875941422594143,1.8373430962343096,279.6742906047927,74.70899011030811,57373.36708634462,31.435878661087862,88.5014967668315,一级
213,2018-08-02,西藏,11.285939520730317,12.02670406998859,1.013389121338912,0.7219379992392544,0.1431894256371244,90.06309243058197,2.084568276911373,1.2327748193229366,280.0910213008749,73.26670787371624,57514.85937809053,31.435878661087862,88.5014967668315,一级
214,2018-08-03,西藏,12.062065424115632,12.847131989349563,1.0677158615443134,0.7600323316850514,0.1468999619627234,95.62357930772156,0.5608824648155192,0.3170521110688474,280.89771966527195,70.87458919741347,57599.05749524534,31.435878661087862,88.5014967668315,一级
215,2018-08-04,西藏,14.373008748573602,15.215397489539749,1.39483453784709,0.7263807531380753,0.1468619246861924,98.14614492202358,-1.4859109927729175,0.4900038037276531,280.8476074553062,73.11908139977177,57671.541780144544,31.435878661087862,88.5014967668315,一级
216,2018-08-05,西藏,16.148149486496767,17.024524534043362,1.8022156713579307,0.6427538988208444,0.1486820083682008,98.86226892354507,-1.753976797261316,0.8309281095473563,280.89835488779005,73.80597185241537,57724.29286801065,31.435878661087862,88.5014967668315,一级
217,2018-08-06,西藏,18.03856789653861,18.936715481171547,2.1006846709775577,0.6335945226321795,0.147092050209205,94.40086915176872,-1.75097565614302,1.0578965386078356,280.15083491821986,75.97753138075313,57691.37672499049,31.435878661087862,88.5014967668315,一级
218,2018-08-07,西藏,17.271403575503992,18.19081780144542,1.8413997717763408,0.6229859262076834,0.1365861544313427,98.010931913275,-0.5316279954355269,1.372506656523393,279.78984404716624,72.73358501331305,57672.50384366679,31.435878661087862,88.5014967668315,一级
219,2018-08-08,西藏,14.036880943324457,14.904205020920502,1.211593761886649,0.6984709014834538,0.1301293267402054,98.2158387219475,0.6239406618486116,1.462567516165843,279.84483073411945,72.82750285279575,57718.71059718524,31.435878661087862,88.5014967668315,一级
220,2018-08-09,西藏,12.436905667554203,13.13066184861164,0.8609147965005705,0.702185241536706,0.1274476987447698,100.75890642829972,0.5408824648155193,0.4438075313807531,280.27329783187525,73.80873906428299,57801.18317801445,31.435878661087862,88.5014967668315,一级
221,2018-08-10,西藏,12.301618486116396,13.066148725751235,0.6679440852034995,0.6579821224800304,0.1209147965005705,101.91077786230504,-0.8497660707493343,-0.2057474324838341,280.14012362114875,75.55587675922403,57758.57792126283,31.435878661087862,88.5014967668315,一级
222,2018-08-11,西藏,13.54291175351845,14.305857740585774,0.7118105743628755,0.6265652339292507,0.1241936097375427,97.90398630658044,-1.578221757322176,-0.3156523392925067,279.9424248763789,74.51244199315329,57635.30101749715,31.435878661087862,88.5014967668315,一级
223,2018-08-12,西藏,13.10813617344998,13.91019208824648,0.7685640928109547,0.634923925446938,0.1292183339672879,91.94955306200076,-1.4055629516926589,0.5654127044503614,280.05883415747434,70.29445796880944,57527.25307531381,31.435878661087862,88.5014967668315,一级
224,2018-08-13,西藏,13.389037656903763,14.338832255610498,0.9749486496766832,0.6534880182578927,0.1435564853556485,90.5457151007988,0.5277615062761506,1.7238075313807533,280.2190604792697,71.22910992772917,57496.1398839863,31.435878661087862,88.5014967668315,一级
225,2018-08-14,西藏,14.19088626854317,15.199969570178776,1.000089387599848,0.6688702928870293,0.1505230125523012,87.36732788132369,0.3897470521110688,0.4608235070368961,279.6226588056295,75.59421833396729,57546.18550969951,31.435878661087862,88.5014967668315,一级
226,2018-08-15,西藏,11.133295930011412,11.917008368200836,0.8309109927729175,0.6201844807911753,0.1383111449220236,91.12923164701408,-0.2472384937238493,1.375190186382655,279.47908139977176,75.0482160517307,57755.80335678966,31.435878661087862,88.5014967668315,一级
227,2018-08-16,西藏,10.439876378851276,11.197181437809054,0.7525218714340054,0.6438931152529479,0.1282217573221757,93.70969570178777,-0.3592715861544313,0.7916850513503234,280.1969988588817,73.15529288702929,57902.767137694944,31.435878661087862,88.5014967668315,一级
228,2018-08-17,西藏,11.529416127805248,12.23182959300114,0.7510707493343477,0.625646633701027,0.1198250285279573,96.98575503993914,-0.7662076835298592,1.0684138455686574,280.68463294028146,73.06230505895778,57794.53003233169,31.435878661087862,88.5014967668315,一级
229,2018-08-18,西藏,13.359621529098517,14.34455306200076,0.9958843666793455,0.6540547736782046,0.1194066184861164,104.12066375047546,0.8625009509319133,1.5711144922023583,280.6958292126284,73.60295739825028,57656.2645587676,31.435878661087862,88.5014967668315,一级
230,2018-08-19,西藏,14.125370863446175,15.377023583111448,1.0500817801445417,0.6731190566755421,0.1224419931532902,108.23754089007228,1.5114016736401674,0.5475294788893115,280.7672270825409,71.58824648155192,57634.30355268162,31.435878661087862,88.5014967668315,一级
231,2018-08-20,西藏,15.644402814758465,16.58367249904907,1.221395968048688,0.6687162419170788,0.1255306200076074,109.65282046405478,0.3743343476607075,0.5252149106124001,280.7368029669076,70.44545834918219,57759.19129707113,31.435878661087862,88.5014967668315,一级
232,2018-08-21,西藏,13.958400532521871,14.762727272727272,0.9820445036135412,0.6767021681247622,0.1243990110308102,103.29584632940282,-0.9499125142639788,-0.1347432483834157,280.53741917078736,71.10779573982502,57775.65310574362,31.435878661087862,88.5014967668315,一级
233,2018-08-22,西藏,12.803634461772536,13.50475846329403,0.7567573221757322,0.6582864206922784,0.1237314568276911,102.78654241156332,-0.7141802966907569,0.8459014834537847,280.8059832635984,69.79891023202738,57723.288708634456,31.435878661087862,88.5014967668315,一级
234,2018-08-23,西藏,13.913107645492582,14.723898820844427,1.0018752377329785,0.690190186382655,0.1296253328261696,102.0714625332826,0.5557759604412325,0.931715481171548,280.57299733739063,72.4650722708254,57693.45343096234,31.435878661087862,88.5014967668315,一级
235,2018-08-24,西藏,18.56139977177634,19.322377329783187,1.3080620007607455,0.6815290985165462,0.139906808672499,92.01342145302397,1.2970273868391025,1.1358938759984785,280.18781285659946,72.83636934195512,57633.25532141499,31.435878661087862,88.5014967668315,一级
236,2018-08-25,西藏,17.11213959680487,17.87689615823507,1.233004944845949,0.6808653480410803,0.1493933054393305,88.75949600608597,2.0668505135032333,1.320355648535565,279.9146063141879,73.97916317991631,57558.57018067706,31.435878661087862,88.5014967668315,一级
237,2018-08-26,西藏,14.61530429821225,15.552995435526816,1.1563084823126664,0.6902358311144923,0.1561087866108786,92.68159946747812,2.9109908710536323,1.782257512362115,280.12550589577785,71.92955306200076,57539.283495625714,31.435878661087862,88.5014967668315,一级
238,2018-08-27,西藏,12.791871434005326,13.62579878280715,0.928558387219475,0.6997299353366299,0.1512095853936858,94.20739825028528,2.652289844047166,1.2431456827691136,280.4209528337771,69.95554773678205,57675.41602890833,31.435878661087862,88.5014967668315,一级
239,2018-08-28,西藏,11.484804108025864,12.301506276150628,0.6921167744389501,0.7394218333967288,0.1442088246481551,94.08944465576263,1.8095587675922404,1.0438721947508558,280.7230448839863,68.14951882845187,57749.80592240396,31.435878661087862,88.5014967668315,一级
240,2018-08-29,西藏,10.54341194370483,11.269941042221376,0.5765614302015976,0.7469722327881324,0.1387428680106504,94.08808292126284,1.6701198174210723,0.5085526816279954,280.8374800304298,66.17601369341955,57756.32088436667,31.435878661087862,88.5014967668315,一级
241,2018-08-30,西藏,10.642339292506655,11.46776721186763,0.5996120197793838,0.706217192848992,0.1391555724610118,93.48118486116394,1.3518771395968048,1.1512989729935337,280.6770692278433,68.08457398250286,57664.24158995816,31.435878661087862,88.5014967668315,一级
242,2018-08-31,西藏,11.035812095853938,12.049037656903764,0.6996804868771396,0.7095283377710155,0.1436648915937619,90.85573411943705,2.5199125142639787,1.8012875618105744,280.6059528337771,67.38913845568658,57691.75715861544,31.435878661087862,88.5014967668315,一级
243,2018-09-01,西藏,9.890888170407,10.634121338912134,0.6981532902244199,0.6916013693419552,0.1423925446937999,95.46643400532524,2.561766831494865,1.4184043362495249,280.60143780905287,66.90138645872955,57779.79287942183,31.435878661087862,88.5014967668315,一级
244,2018-09-02,西藏,9.888944465576264,10.568115252947887,0.6627424876378851,0.6401331304678586,0.1379783187523773,100.87313427158614,2.3329745150247243,1.224322936477748,280.47751806770634,69.45261886648916,57766.439880182574,31.435878661087862,88.5014967668315,一级
245,2018-09-03,西藏,11.011542411563331,11.806588056295167,0.7604906808672499,0.6211430201597565,0.1365252947888931,103.31448459490302,2.050477367820464,1.5515081780144542,280.47076645112213,70.33463864587296,57752.87086154432,31.435878661087862,88.5014967668315,一级
246,2018-09-04,西藏,12.428731456827691,13.270389882084444,1.0617801445416508,0.6180524914416128,0.1368562190947128,102.82005515405096,1.8414340053252187,1.2391422594142258,280.30391593761885,69.6134024343857,57801.44728033473,31.435878661087862,88.5014967668315,一级
247,2018-09-05,西藏,13.801860022822364,14.710684670977558,1.2173982502852796,0.6266679345758843,0.1385774058577406,104.2646424496006,1.6585355648535565,1.5891879041460633,280.38776340814,67.56323697223279,57802.32971852416,31.435878661087862,88.5014967668315,一级
248,2018-09-06,西藏,14.55274058577406,15.509606314187904,1.2404659566375047,0.663250285279574,0.1365690376569037,107.63460821605172,1.854728033472804,1.3536040319513123,280.225570559148,67.30339102320274,57839.48534233549,31.435878661087862,88.5014967668315,一级
249,2018-09-07,西藏,13.497364016736402,14.263062000760744,0.9881894256371244,0.6595397489539749,0.1294351464435146,109.05495435526817,2.0877196652719663,1.289425637124382,280.06944655762646,67.22221186763028,57900.59630848231,31.435878661087862,88.5014967668315,一级
250,2018-09-08,西藏,12.375180677063522,13.11804298212248,0.7969151768733359,0.7119437048307341,0.1282027386839102,102.85381894256372,3.1708881704069984,0.68625142639787,279.7811411182959,66.7066546215291,57883.21438759984,31.435878661087862,88.5014967668315,一级
251,2018-09-09,西藏,13.90577786230506,14.798856979840243,0.953360593381514,0.6928680106504375,0.1389710916698364,99.37018067706352,2.979764168885508,0.2960973754279193,279.29767021681243,69.76183339672879,57881.68213579308,31.435878661087862,88.5014967668315,一级
252,2018-09-10,西藏,15.71607074933435,16.53166413084823,1.2232312666413083,0.6309528337771015,0.1512248003042982,94.79317040699884,2.55011030810194,0.0993457588436668,278.64699505515404,71.27102320273868,57912.66595853937,31.435878661087862,88.5014967668315,一级
253,2018-09-11,西藏,14.522421072651198,15.38819703309243,1.3679231647014074,0.6252890833016356,0.1617402054012932,89.10389501711678,2.637763408139977,-0.0163503233168505,277.4664187904146,73.39790794979079,57762.07082160517,31.435878661087862,88.5014967668315,一级
254,2018-09-12,西藏,12.219263978699123,13.062976416888551,1.336508178014454,0.5650437428680106,0.1689844047166223,90.64046785850134,3.1225523012552303,0.1358824648155192,276.40972993533666,68.73618676302776,57574.546190566754,31.435878661087862,88.5014967668315,一级
255,2018-09-13,西藏,10.16641688855078,10.854524534043362,1.195439330543933,0.5974686192468619,0.1615005705591479,93.44274438950173,2.652246101179156,1.1979764168885507,275.9487466717383,63.96971852415368,57545.26207112971,31.435878661087862,88.5014967668315,一级
256,2018-09-14,西藏,11.008292126283758,11.71566755420312,1.3999258273107646,0.5926949410422213,0.1688493723849372,91.13073982502851,4.529106124001522,1.5536820083682008,275.6895264359072,66.31621529098516,57631.18162799544,31.435878661087862,88.5014967668315,一级
257,2018-09-15,西藏,8.964648155192089,9.599764168885509,1.0580886268543173,0.6134937238493724,0.1756694560669456,89.45321224800304,4.192021681247623,1.3022860403195131,276.6119779383796,57.199227843286415,57796.31459300114,31.435878661087862,88.5014967668315,一级
258,2018-09-16,西藏,9.716198174210726,10.340283377710156,0.7299372384937239,0.6369608216051731,0.1760954735640928,87.13324077596045,4.925359452263218,2.385,276.70266451122103,53.28443514644351,57686.858617345,31.435878661087862,88.5014967668315,一级
259,2018-09-17,西藏,7.837879421833397,8.385420311905667,0.4083815138836059,0.6471966527196653,0.1505268162799543,96.84794218333968,4.091943704830734,2.093029669075694,276.15971662228986,49.360193990110304,57628.85368391024,31.435878661087862,88.5014967668315,一级
260,2018-09-18,西藏,7.502249904906809,8.119933434766072,0.3793609737542792,0.6899125142639787,0.1306979840243438,113.1571205781666,3.052329783187524,1.7293647774819323,276.0619779383796,47.21866489159376,57733.84895587676,31.435878661087862,88.5014967668315,一级
261,2018-09-19,西藏,7.525186382655002,8.112021681247622,0.4727234689996196,0.6495511601369343,0.1204298212248003,117.66275960441232,1.827902244199316,1.269792696842906,276.22565424115635,47.8938322556105,57858.14356219096,31.435878661087862,88.5014967668315,一级
262,2018-09-20,西藏,8.435612400152149,8.92434385697984,0.8170026626093572,0.6439045264359072,0.1208938759984785,114.8213826550019,1.4042202358311149,1.5144864967668314,276.4793990110308,54.30639406618487,57936.55747432484,31.435878661087862,88.5014967668315,一级
263,2018-09-21,西藏,9.548001141118297,10.065311905667556,0.9467059718524152,0.6125523012552302,0.1192183339672879,107.4799144161278,2.2423944465576264,1.44673640167364,276.79897299353365,62.05966907569418,58025.97238113351,31.435878661087862,88.5014967668315,一级
264,2018-09-22,西藏,8.926072651198174,9.48463674400913,0.7835355648535565,0.6252472422974515,0.1157778623050589,90.7895987067326,2.2362152909851654,1.867074933434766,276.695777862305,70.36645872955496,58086.23221947508,31.435878661087862,88.5014967668315,一级
265,2018-09-23,西藏,9.882048307341194,10.592573221757322,0.8389463674400913,0.6741955116013694,0.1190775960441232,90.14226511981742,3.753609737542792,2.17798212248003,277.1341365538228,74.35134461772537,58008.31691517687,31.435878661087862,88.5014967668315,一级
266,2018-09-24,西藏,8.614254469379992,9.35400722708254,0.8326492963103841,0.6489026245720806,0.1328565994674781,81.07762647394446,4.52015975656143,1.3449486496766832,277.30076454925825,71.31121909471283,57842.95997337391,31.435878661087862,88.5014967668315,一级
267,2018-09-25,西藏,9.137135793077215,10.063052491441612,1.124345758843667,0.6452092050209205,0.1543875998478509,81.32232217573222,4.027670216812477,1.1505914796500571,276.9571548117155,69.1400361354127,57733.26169456067,31.435878661087862,88.5014967668315,一级
268,2018-09-26,西藏,9.018008748573603,9.929577786230508,0.9987162419170788,0.6748782807151008,0.1606523392925066,86.93861163940662,3.336936097375428,0.849450361354127,276.9171548117155,61.10238874096614,57742.09910232027,31.435878661087862,88.5014967668315,一级
269,2018-09-27,西藏,7.242757702548497,7.919115633320654,0.7381171548117155,0.6283929250665653,0.156276150627615,90.412521871434,1.834598706732598,0.738136173449981,276.67140737923165,57.47419170787372,57833.73197223278,31.435878661087862,88.5014967668315,一级
270,2018-09-28,西藏,7.068594522632179,7.65668695321415,0.6151787751996958,0.6506047926968429,0.1514206922784328,92.80432483834156,2.3488018257892733,1.505211106884747,276.2537105363256,60.00932293647775,57859.726437809055,31.435878661087862,88.5014967668315,一级
271,2018-09-29,西藏,6.781884747052112,7.373716241917078,0.5246215290985166,0.6483206542411563,0.1505287181437809,86.97611829593001,3.3429288702928868,0.9463122860403196,275.9176378851274,55.51781666032712,57850.86730696083,31.435878661087862,88.5014967668315,一级
272,2018-09-30,西藏,7.1427177634081405,7.773014454165082,0.5100266260935716,0.6382255610498289,0.1591936097375428,80.03812286040319,2.448427158615443,0.8192696842906049,275.5425066565234,52.906991251426405,57804.08206732598,31.435878661087862,88.5014967668315,一级
273,2018-10-01,西藏,9.680133130467858,10.400334728033473,0.6339977177634081,0.6152034994294409,0.1658482312666413,77.27863065804488,3.847778623050589,1.4598440471662228,274.9176626093572,52.696586154431344,57701.634263978696,31.435878661087862,88.5014967668315,一级
274,2018-10-02,西藏,9.314979079497908,10.102649296310386,0.65923925446938,0.5415918600228223,0.1592734880182578,82.6044351464435,3.726766831494865,0.3271357930772156,273.66983643971093,51.54865918600228,57688.586418790415,31.435878661087862,88.5014967668315,一级
275,2018-10-03,西藏,7.961373145682769,8.613575503993914,0.7098611639406618,0.5095245340433625,0.1524990490680867,86.87639977177633,0.5730505895777862,0.4433548877900342,272.55534043362496,54.707723468999625,57680.86972232788,31.435878661087862,88.5014967668315,一级
276,2018-10-04,西藏,7.594140357550399,8.208782807151008,0.7181894256371243,0.5247223278813238,0.1502358311144922,88.13514263978699,1.9668238874096613,1.5333453784709017,272.0025865348041,58.32237923164701,57635.323531761125,31.435878661087862,88.5014967668315,一级
277,2018-10-05,西藏,6.331633701027007,6.891046025104603,0.6900912894636744,0.5044446557626474,0.1461563332065424,89.77229364777482,2.7000494484594904,1.245300494484595,271.62633701027005,56.92736591860023,57629.80759033853,31.435878661087862,88.5014967668315,一级
278,2018-10-06,西藏,6.124980981361735,6.6867858501331305,0.6228280715100799,0.4953176112590339,0.1416641308482312,90.6738893115253,2.695574362875618,1.3010289083301636,270.95193799923925,57.64480030429821,57549.4321662229,31.435878661087862,88.5014967668315,一级
279,2018-10-07,西藏,5.9787428680106505,6.490321414986688,0.5453708634461772,0.4790680867249905,0.1381913275009509,91.2049429440852,2.49364397109167,0.7847356409281097,269.76434385697985,59.16713198934957,57456.12024534043,31.435878661087862,88.5014967668315,一级
280,2018-10-08,西藏,5.988022061620388,6.517624572080639,0.532112970711297,0.4976321795359452,0.1384651958919741,90.9984024343857,1.149488398630658,-0.2774077596044123,268.92656523392924,60.87109547356409,57458.69435907189,31.435878661087862,88.5014967668315,一级
281,2018-10-09,西藏,5.349747052111069,5.825043742868011,0.4727196652719665,0.5277253708634462,0.1354830734119437,93.50688474705213,1.7444123240775962,-0.0517820464054773,269.147478128566,58.04807151007988,57560.66192658806,31.435878661087862,88.5014967668315,一级
282,2018-10-10,西藏,4.4854735640928105,5.016658425256751,0.3998383415747432,0.5557303157093952,0.1322651198174211,91.61077596044125,3.280422213769494,0.4842582731076455,269.97316470140737,55.43372004564473,57592.066913275004,31.435878661087862,88.5014967668315,一级
283,2018-10-11,西藏,4.275072270825409,4.778912133891214,0.3265785469760365,0.5868885507797642,0.1274800304298212,87.10301255230125,4.223685812095854,1.5042829973373908,270.46750095093194,52.52988398630658,57607.88125903386,31.435878661087862,88.5014967668315,一级
284,2018-10-12,西藏,4.759501711677443,5.2489121338912135,0.3859566375047546,0.6194883986306581,0.1284423735260555,84.45647774819322,6.221310384176493,1.1637980220616204,270.19508938759986,52.6609813617345,57603.9584385698,31.435878661087862,88.5014967668315,一级
285,2018-10-13,西藏,5.684604412324078,6.176371243818942,0.4344522632179536,0.616348421453024,0.1244446557626474,85.76150817801445,5.948982502852796,0.7246329402814758,269.6431894256371,49.96730315709396,57531.53384747053,31.435878661087862,88.5014967668315,一级
286,2018-10-14,西藏,4.57537466717383,5.068084823126664,0.332776721186763,0.6102947888931152,0.1252852795739825,91.87623621148724,5.232776721186763,0.2480543933054393,269.30800494484595,48.59686002282237,57519.33980981362,31.435878661087862,88.5014967668315,一级
287,2018-10-15,西藏,4.440880562951693,4.933607835678965,0.3063484214530239,0.6523430962343096,0.1258558387219475,91.81555344237351,4.655899581589958,0.5384005325218714,269.21100418410043,49.8559528337771,57548.4140433625,31.435878661087862,88.5014967668315,一级
288,2018-10-16,西藏,4.296420692278433,4.727086344617725,0.2824191707873716,0.6475808292126284,0.1260403195131228,91.83187904146064,5.833041080258654,0.1337599847850893,269.9886820083682,43.28838721947509,57631.68914416128,31.435878661087862,88.5014967668315,一级
289,2018-10-17,西藏,5.01809243058197,5.682651198174211,0.3162286040319513,0.6352909851654622,0.1318657284138455,90.78837961201978,7.029963864587296,1.3893229364777482,270.0434842145302,44.85213579307722,57480.00473373906,31.435878661087862,88.5014967668315,一级
290,2018-10-18,西藏,5.678238874096615,6.426660327120578,0.4605116013693419,0.600321414986687,0.1430772156713579,92.611030810194,6.893316850513503,0.8803936858120958,268.54460251046027,52.88148915937619,57375.81448269304,31.435878661087862,88.5014967668315,一级
291,2018-10-19,西藏,6.257485736021301,7.061700266260935,0.6558482312666413,0.6364016736401673,0.1491270445036135,90.33539558767592,6.306517687333587,1.220608596424496,268.0264815519209,53.899256371243816,57438.04039939141,31.435878661087862,88.5014967668315,一级
292,2018-10-20,西藏,5.390743628756181,6.143352985926208,0.5893343476607075,0.6068352985926209,0.1427025484975276,91.69965195891974,5.867763408139977,0.3502852795739825,267.71519779383794,51.93005895777862,57582.23123621148,31.435878661087862,88.5014967668315,一级
293,2018-10-21,西藏,4.281110688474706,4.805578166603271,0.4353290224419932,0.661483453784709,0.1377310764549258,91.2055667554203,4.233562190947128,1.2949524534043362,267.8200722708254,51.452415367059714,57614.70259984785,31.435878661087862,88.5014967668315,一级
294,2018-10-22,西藏,4.080749334347661,4.63277862305059,0.4039577786230506,0.6025922403955877,0.1381380753138075,93.12559147965004,3.917974515024724,1.0462457208063902,267.30547166222897,52.75399201217193,57453.99536135413,31.435878661087862,88.5014967668315,一级
295,2018-10-23,西藏,3.9935374667173833,4.606468238874097,0.3923526055534423,0.5720768352985927,0.1359870673259794,94.8998858881704,5.03874857360213,2.042519969570179,266.7687771015595,53.698227462913664,57326.43154241156,31.435878661087862,88.5014967668315,一级
296,2018-10-24,西藏,3.1431627995435525,3.5715785469760366,0.3102757702548497,0.5552187143400533,0.1330943324457968,97.21304678585014,4.042118676302777,0.3110707493343476,266.2814321034614,50.85208063902624,57392.68653860784,31.435878661087862,88.5014967668315,一级
297,2018-10-25,西藏,2.5981209585393685,2.9880848231266643,0.2506998858881704,0.6480905287181438,0.1321034613921643,96.43559338151388,0.8449771776340814,0.8851046025104603,266.66688094332443,49.77213959680487,57534.715718904525,31.435878661087862,88.5014967668315,一级
298,2018-10-26,西藏,2.909243058197033,3.3637238493723847,0.2645682769113731,0.6910251046025104,0.1287409661468238,94.3091612780525,2.464594903004945,0.9528071510079876,266.67401103081016,51.35014454165082,57594.91618676303,31.435878661087862,88.5014967668315,一级
299,2018-10-27,西藏,2.4977919360973755,2.972945987067326,0.2055458349182198,0.7681761125903386,0.1261696462533282,93.37488018257892,2.8165557246101183,0.9221414986686952,266.8525085583872,48.475427919360975,57690.78693039178,31.435878661087862,88.5014967668315,一级
300,2018-10-28,西藏,1.816715481171548,2.126953214149867,0.1432959300114112,0.6696006085964246,0.1231742107265119,89.38930011411183,1.3756789653860784,-0.9959661468238874,266.9738056295169,47.042871814378096,57802.18922023584,31.435878661087862,88.5014967668315,一级
301,2018-10-29,西藏,1.1977786230505896,1.4332959300114112,0.0872613160897679,0.5161373145682769,0.1258615443134271,86.80226511981742,-0.9559052871814376,-3.304984785089388,266.7710802586535,50.88540509699506,57941.48177253709,31.435878661087862,88.5014967668315,一级
302,2018-10-30,西藏,0.5843514644351464,0.7527596044123241,0.0447565614302016,0.5092449600608596,0.1300190186382655,92.38651198174212,-1.0685355648535564,-1.2537162419170786,267.268619246862,45.00081019399011,58051.43620768352,31.435878661087862,88.5014967668315,一级
303,2018-10-31,西藏,1.0412248003042983,1.3086192468619249,0.0972308862685431,0.7172499049068087,0.1313027767211867,96.8913750475466,1.9947698744769875,0.218347280334728,268.5938531761126,38.66023963484215,58001.95645492583,31.435878661087862,88.5014967668315,一级
304,2018-11-01,西藏,1.970205401293268,2.423488018257893,0.2067896538607835,0.7840395587675921,0.1321376949410422,92.6414340053252,4.982860403195131,0.4539672879421833,269.1101597565614,42.03785850133131,57775.30643971091,31.435878661087862,88.5014967668315,一级
305,2018-11-02,西藏,3.4861087866108784,4.116357930772157,0.3683073411943705,0.6329859262076836,0.1346291365538227,87.80085013313047,7.70069988588817,1.7361335108406235,268.83593381513884,52.84455116013694,57536.27653290224,31.435878661087862,88.5014967668315,一级
306,2018-11-03,西藏,6.103383415747433,6.92175351844808,0.8229764168885508,0.620891974134652,0.1488779003423354,87.09817421072651,8.189372384937238,2.4889863065804487,267.8494883986307,56.93849752757703,57369.81485926207,31.435878661087862,88.5014967668315,一级
307,2018-11-04,西藏,7.770979459870673,8.886325599087106,1.0634537847090149,0.5813408139977178,0.1615937618866489,86.9724001521491,9.113731456827692,1.6369855458349185,266.4252092050209,60.12399201217193,57229.982689235454,31.435878661087862,88.5014967668315,一级
308,2018-11-05,西藏,7.357312666413085,8.466711677443895,0.9036896158235072,0.6043058197033092,0.1473716241917078,84.23465576264739,9.187360213008748,0.5685793077215672,265.1700228223659,50.51363826550019,57165.083883605934,31.435878661087862,88.5014967668315,一级
309,2018-11-06,西藏,7.172034994294408,8.227008368200837,0.9016089767972612,0.5155667554203119,0.1420958539368581,98.91320464054772,8.336333206542411,-1.9064511220996576,263.77703879802203,48.80900912894637,57234.97064282997,31.435878661087862,88.5014967668315,一级
310,2018-11-07,西藏,1.4654450361354128,1.8072765310003804,0.2140376569037657,0.5161639406618486,0.1252244199315328,104.6982597945987,4.398022061620388,-2.7541860022822364,263.92889882084444,34.76547356409281,57659.74794598707,31.435878661087862,88.5014967668315,一级
311,2018-11-08,西藏,1.1631666032712058,1.5902472422974516,0.1187428680106504,0.7756295169265881,0.1314187904146063,90.45479650057057,5.691854317230886,0.0776645112209965,266.7963465195892,36.35972613160898,57529.67002282237,31.435878661087862,88.5014967668315,一级
312,2018-11-09,西藏,1.5083111449220237,1.996144922023583,0.1499600608596424,0.7470197793837962,0.1337790034233549,85.88360593381513,6.575779764168885,-0.943651578546976,266.2826226702168,50.88474705211107,57368.89736401673,31.435878661087862,88.5014967668315,一级
313,2018-11-10,西藏,1.8169665271966529,2.357008368200837,0.1727329783187523,0.7300266260935717,0.1337162419170787,83.0544484594903,4.843666793457588,-0.0082502852795739,265.4130639026246,57.758969189806,57339.15824077596,31.435878661087862,88.5014967668315,一级
314,2018-11-11,西藏,1.9766565233929247,2.504754659566375,0.2024001521491061,0.6983320654241156,0.130798782807151,81.65659566375048,6.243311144922024,-0.7680467858501331,265.32549068086723,57.65586724990491,57359.4092906048,31.435878661087862,88.5014967668315,一级
315,2018-11-12,西藏,2.160503993914036,2.696167744389502,0.1829973373906428,0.7095511601369342,0.1285089387599848,79.6499220235831,6.651759224039558,-0.1692373526055534,265.9804659566375,57.04705020920503,57307.15400532522,31.435878661087862,88.5014967668315,一级
316,2018-11-13,西藏,2.971831494864968,3.655583872194751,0.2931266641308482,0.6826378851274248,0.134792696842906,82.39665271966527,7.893096234309624,0.4007569418029669,265.483246481552,58.340608596424495,57066.605785469765,31.435878661087862,88.5014967668315,一级
317,2018-11-14,西藏,4.3318714340053255,5.058073411943704,0.5507911753518449,0.6466660327120578,0.1472499049068086,83.50278242677824,6.9108786610878665,0.9545036135412704,264.4318010650437,61.83981742107265,57037.23511411184,31.435878661087862,88.5014967668315,一级
318,2018-11-15,西藏,6.069284899201217,7.105659946747813,0.82130658044884,0.6365804488398631,0.1547793837961202,83.29737352605554,8.358333967287942,0.1032312666413085,263.87524534043365,60.2517192848992,57048.98498098135,31.435878661087862,88.5014967668315,一级
319,2018-11-16,西藏,5.732518067706352,6.92302586534804,0.6648763788512743,0.6291137314568277,0.144146063141879,81.82972232788133,10.052240395587676,-1.468651578546976,263.63433434766074,51.8698421453024,57045.97508368201,31.435878661087862,88.5014967668315,一级
320,2018-11-17,西藏,5.6825694180296695,6.844593001141119,0.6834480791175352,0.6098421453023963,0.1435317611259034,85.1229650057056,9.008546976036516,-1.8215956637504755,262.5844979079498,51.517757702548494,56962.996093571695,31.435878661087862,88.5014967668315,一级
321,2018-11-18,西藏,3.0633358691517687,3.701025104602511,0.4523640167364017,0.6617763408139977,0.1346690756941803,80.41638645872955,8.170273868391023,-1.066479650057056,263.91827120578165,49.94495055154051,57182.75520730316,31.435878661087862,88.5014967668315,一级
322,2018-11-19,西藏,2.832095853936858,3.4235488779003425,0.3044104222137694,0.6492373526055535,0.1307398250285279,79.80680867249905,7.7856181057436284,-1.117168124762267,264.7342487637885,54.757394446557626,57335.29076835299,31.435878661087862,88.5014967668315,一级
323,2018-11-20,西藏,2.287683529859262,2.7404374286801065,0.225401293267402,0.6580696082160518,0.1287238493723849,81.14246481551922,5.8178299733739065,-1.9220521110688475,264.1013065804488,51.53172118676302,57399.24796120197,31.435878661087862,88.5014967668315,一级
324,2018-11-21,西藏,1.098689615823507,1.4172175732217571,0.1058044883986306,0.7521376949410422,0.1269151768733358,83.63040699885887,6.560789273488018,-2.3045511601369344,264.65429440852034,39.471125903385314,57563.6461144922,31.435878661087862,88.5014967668315,一级
325,2018-11-22,西藏,0.8200608596424496,1.1484709014834538,0.0626492963103841,0.8049467478128566,0.1223735260555344,78.45262267021681,5.903082921262838,0.2890205401293267,266.8205230125523,31.68921262837581,57722.71498478509,31.435878661087862,88.5014967668315,一级
326,2018-11-23,西藏,1.907812856599468,2.4646101179155573,0.1069855458349182,0.8358311144922024,0.1252719665271966,80.01406428299734,7.40902434385698,-1.3080486877139597,266.8455971852415,36.91009889691898,57656.97254279193,31.435878661087862,88.5014967668315,一级
327,2018-11-24,西藏,0.676213389121339,0.9428794218333968,0.0423050589577786,0.663419551160137,0.1296310384176493,81.63088626854318,3.200616203879802,-3.2752814758463296,265.70331304678587,35.89453594522632,57872.37243248383,31.435878661087862,88.5014967668315,一级
328,2018-11-25,西藏,0.6835222518067706,0.9439292506656524,0.0453499429440852,0.7641213389121339,0.130781666032712,80.06594903004945,5.750114111829593,-1.2782826169646253,267.70850513503234,33.78295549638646,57818.26112970711,31.435878661087862,88.5014967668315,一级
329,2018-11-26,西藏,0.962793837961202,1.356293267402054,0.079640547736782,0.869809813617345,0.1300684670977558,81.00156333206542,5.723592620768353,-2.8208824648155195,266.7105439330544,42.54681627995436,57724.24233548878,31.435878661087862,88.5014967668315,一级
330,2018-11-27,西藏,0.6515728413845568,0.8913655382274629,0.0507702548497527,0.7273316850513503,0.1328318752377329,84.679440852035,5.036540509699505,-2.1255648535564853,267.0402833777102,32.30819893495626,57932.46171738304,31.435878661087862,88.5014967668315,一级
331,2018-11-28,西藏,1.1342791936097376,1.524809813617345,0.0832635983263598,0.8686782046405478,0.133689615823507,77.82740395587676,5.46738683910232,-0.0950076074553062,268.32691517687334,39.19337961201978,57952.02987447698,31.435878661087862,88.5014967668315,一级
332,2018-11-29,西藏,1.8122955496386457,2.3240585774058578,0.1204925827310764,0.8750228223659186,0.1289425637124382,78.98341955116014,7.600431723088627,0.1011525294788893,267.258497527577,43.093569798402434,57772.6722556105,31.435878661087862,88.5014967668315,一级
333,2018-11-30,西藏,2.153617344998098,2.686578546976037,0.1225827310764549,0.8422289844047165,0.1307036896158235,80.00086915176874,6.186298972993534,-1.222375427919361,265.2959547356409,42.62930581970331,57568.44465005706,31.435878661087862,88.5014967668315,一级
334,2018-12-01,西藏,1.9080201597565616,2.3250779764168885,0.1486211487257512,0.8276226702168126,0.1329593001141118,85.99348421453024,5.824049068086724,-1.2506181057436287,263.9471034613922,44.435427919360976,57297.64810574363,31.435878661087862,88.5014967668315,一级
335,2018-12-02,西藏,2.603444275389882,3.343027767211868,0.2290947128185621,0.7443438569798403,0.1334709014834537,81.78551730696083,8.30169836439711,-1.3540281475846327,263.48474895397493,47.737335488779,57018.85793647774,31.435878661087862,88.5014967668315,一级
336,2018-12-03,西藏,2.600195891974135,3.133117154811716,0.2509585393685812,0.6867801445416508,0.1335907189045264,80.57281285659947,6.430437428680106,-2.1941612780524915,262.4122118676303,47.18744389501711,57164.5139691898,31.435878661087862,88.5014967668315,一级
337,2018-12-04,西藏,1.9262818562190944,2.319969570178776,0.1833073411943705,0.8234975275770254,0.1308178014454165,75.51998858881704,8.49049068086725,-1.6245530620007609,265.0768467097756,37.5090262457208,57339.55718333968,31.435878661087862,88.5014967668315,一级
338,2018-12-05,西藏,2.1336325599087105,2.5775808292126285,0.202493343476607,0.8713084823126664,0.1307017877519969,75.20184480791175,5.7127862305058965,-0.8984880182578927,264.8443039178395,42.850302396348425,57236.58843096235,31.435878661087862,88.5014967668315,一级
339,2018-12-06,西藏,2.8502776721186764,3.611529098516546,0.2940395587675922,0.773063902624572,0.1336496766831494,77.79564853556485,6.167301255230125,1.8340890072270823,263.0673088626854,53.18302396348422,56916.57310574363,31.435878661087862,88.5014967668315,一级
340,2018-12-07,西藏,2.69673640167364,3.321542411563332,0.3348782807151008,0.6660897679726132,0.1422632179535945,82.44921643210346,6.917278432864207,-0.3778242677824268,261.1538950171168,51.822339292506655,56870.31421833397,31.435878661087862,88.5014967668315,一级
341,2018-12-08,西藏,1.411441612780525,1.7721833396728792,0.1719437048307341,0.796918980600989,0.137548497527577,78.77885697984024,6.737856599467478,-0.6987809052871814,262.0634157474325,49.59116584252568,57103.39399961962,31.435878661087862,88.5014967668315,一级
342,2018-12-09,西藏,1.9049866869532144,2.361652719665272,0.2135717002662609,0.8171300874857361,0.1349467478128566,76.58009128946367,6.081842906047927,-0.1401046025104602,261.9994180296691,55.52827310764549,57017.7755629517,31.435878661087862,88.5014967668315,一级
343,2018-12-10,西藏,2.1989083301635604,2.769756561430201,0.2348155192088246,0.7739844047166223,0.1357151007987828,78.57813236972233,5.026327500950932,1.1374419931532902,261.20601179155574,55.898651578546975,56964.26408139978,31.435878661087862,88.5014967668315,一级
344,2018-12-11,西藏,2.809368581209585,3.4425275770254853,0.3092411563332065,0.6468067706352225,0.137831875237733,82.64823316850513,4.779260174971472,2.8277120578166604,260.0988360593381,57.776413084823126,56882.27487257512,31.435878661087862,88.5014967668315,一级
345,2018-12-12,西藏,4.211962723469,4.91027006466337,0.5459243058197033,0.7075389882084442,0.1484975275770255,83.50031000380373,5.891542411563332,2.323602130087486,259.41975656143023,58.62867249904907,56942.54417839483,31.435878661087862,88.5014967668315,一级
346,2018-12-13,西藏,4.118609737542792,4.844556865728414,0.5767839482693039,0.7631057436287562,0.1406884747052111,83.46765500190186,5.44027577025485,3.424486496766832,259.8697280334728,60.80382845188285,57037.13181057436,31.435878661087862,88.5014967668315,一级
347,2018-12-14,西藏,4.580836820083682,5.258822746291365,0.6883244579688095,0.7834899201217194,0.1436801065043743,85.49397869912515,4.985431723088627,2.355465956637505,259.6281818181818,58.61783567896539,57063.843554583495,31.435878661087862,88.5014967668315,一级
348,2018-12-15,西藏,3.33652719665272,3.778898820844428,0.4669056675542031,0.6560935717002662,0.1406865728413845,86.14258273107646,3.410475465956637,0.1746823887409661,259.71517687333585,50.40212818562191,57380.868672499055,31.435878661087862,88.5014967668315,一级
349,2018-12-16,西藏,2.2234766070749337,2.622885127424876,0.2350532521871434,0.848305439330544,0.1389901103081019,85.4445987067326,3.3312076835298594,-0.0641707873716242,261.1376740205401,39.58333016356029,57644.50845758844,31.435878661087862,88.5014967668315,一级
350,2018-12-17,西藏,1.6361087866108786,2.0421985545834915,0.1243172308862685,1.001124001521491,0.1295093191327501,81.91790414606315,4.460562951692658,0.4768238874096614,262.8611049828832,34.392268923545075,57590.95143780906,31.435878661087862,88.5014967668315,一级
351,2018-12-18,西藏,1.2836078356789653,1.5202719665271966,0.104847850893876,0.9710155952833778,0.1215956637504754,78.47021300874857,4.529127044503614,-0.7955077976416888,262.84429440852034,52.13733929250666,57363.68577976416,31.435878661087862,88.5014967668315,一级
352,2018-12-19,西藏,0.8766565233929251,1.006922784328642,0.0721319893495625,0.8134766070749335,0.1306066945606694,79.01437809052871,7.041801065043743,-1.1826949410422214,262.92560479269684,46.91744579688094,57394.40476416889,31.435878661087862,88.5014967668315,一级
353,2018-12-20,西藏,1.229252567516166,1.5780734119437048,0.11722708254089,0.718727653100038,0.1251331304678585,80.3719341955116,11.940930011411185,0.6416774438950171,264.5411791555725,34.48969379992393,57197.84690186383,31.435878661087862,88.5014967668315,一级
354,2018-12-21,西藏,1.5786991251426397,2.0145910992772915,0.1464397109166983,0.8082883225561049,0.1291118295930011,79.29227843286421,11.042441993153291,-1.0422194750855838,262.0480296690757,41.252740585774056,56980.0423868391,31.435878661087862,88.5014967668315,一级
355,2018-12-22,西藏,0.9545302396348422,1.1684043362495249,0.0839691898060098,0.6824305819703309,0.1196976036515785,75.27694560669455,8.040884366679347,-1.3556257131989349,262.1707740585774,36.80598326359832,57223.2656675542,31.435878661087862,88.5014967668315,一级
356,2018-12-23,西藏,0.8944883986306581,1.124640547736782,0.0849562571319893,0.645781666032712,0.1135831114492202,78.90618866489159,8.888718143780904,1.2447451502472422,264.2146253328262,34.144766070749334,57295.463139977175,31.435878661087862,88.5014967668315,一级
357,2018-12-24,西藏,1.7300950931913277,2.1889996196272348,0.1379136553822746,0.8055249144161277,0.1240452643590719,80.77177253708633,12.006352225180676,1.8184461772537088,264.06276721186765,37.09384556865729,57058.84591289464,31.435878661087862,88.5014967668315,一级
358,2018-12-25,西藏,1.8767021681247624,2.3857930772156712,0.1442696842906048,0.874011030810194,0.1221624191707873,77.29778623050589,10.112403955876758,0.8062894636744009,261.94059338151385,41.315211106884746,56840.4557987828,31.435878661087862,88.5014967668315,一级
359,2018-12-26,西藏,1.839958158995816,2.314942944085203,0.1472575123621148,0.863571700266261,0.1216127805249144,73.58918029669076,8.692438189425637,1.8735736021300875,261.9471776340814,38.13575313807532,56776.46224990491,31.435878661087862,88.5014967668315,一级
360,2018-12-27,西藏,2.8299125142639787,3.6866032712057817,0.2733929250665652,0.7252681627995435,0.1310707493343476,79.14007607455306,7.878160897679726,3.3551616584252564,259.4793647774819,49.27094332445797,56417.20076835298,31.435878661087862,88.5014967668315,一级
361,2018-12-28,西藏,2.4362818562190944,2.9611468238874097,0.2808938759984785,0.5999505515405097,0.1426302776721187,83.28526816279954,3.82070559147965,0.1896462533282616,255.83130658044885,54.7716907569418,56526.516745910994,31.435878661087862,88.5014967668315,一级
362,2018-12-29,西藏,1.1441251426397872,1.3740205401293268,0.1350874857360213,0.6649353366298973,0.1380163560289083,83.08823507036897,5.521076454925828,-2.873817040699886,257.01418600228226,45.56450931913275,57018.75486686952,31.435878661087862,88.5014967668315,一级
363,2018-12-30,西藏,0.5534518828451883,0.725321414986687,0.0519798402434385,0.7231494864967669,0.1286059338151388,75.84511220996576,6.009975275770255,-1.4072689235450742,260.1654507417269,42.7884309623431,57306.774106124,31.435878661087862,88.5014967668315,一级
364,2018-12-31,西藏,1.0393552681627996,1.3167268923545077,0.0740281475846329,0.9459014834537848,0.1289996196272347,72.72504944845949,6.146184861163941,-1.3285602890833017,260.42231076454925,52.97782426778243,57304.4917402054,31.435878661087862,88.5014967668315,一级
